RecipeId,Name,CookTime,Preime,TotalTime,Images,RecipeCategory,Keywords,RecipeIngredientQuantities,RecipeIngredientParts,Calories,FatContent,SaturatedFatContent,CholesterolContent,SodiumContent,CarbohydrateContent,FiberContent,SugarContent,ProteinContent,RecipeServings,RecipeYield,RecipeInstructions
38,Low-Fat Berry Blue Frozen Dessert,24H,45M,24H45M,"c(""https://img.sndimg.com/food/image/upload/w_555,h_416,c_fit,fl_progressive,q_95/v1/img/recipes/38/YUeirxMLQaeE1h3v3qnM_229%20berry%20blue%20frzn%20dess.jpg"", ""https://img.sndimg.com/food/image/upload/w_555,h_416,c_fit,fl_progressive,q_95/v1/img/recipes/38/AFPDDHATWzQ0b1CDpDAT_255%20berry%20blue%20frzn%20dess.jpg"", ""https://img.sndimg.com/food/image/upload/w_555,h_416,c_fit,fl_progressive,q_95/v1/img/recipes/38/UYgf9nwMT2SGGJCuzILO_228%20berry%20blue%20frzn%20dess.jpg"", ""https://img.sndimg.com/food/image/upload/w_555,h_416,c_fit,fl_progressive,q_95/v1/img/recipes/38/PeBMJN2TGSaYks2759BA_20140722_202142.jpg"", 
""https://img.sndimg.com/food/image/upload/w_555,h_416,c_fit,fl_progressive,q_95/v1/img/recipes/38/picuaETeN.jpg"", ""https://img.sndimg.com/food/image/upload/w_555,h_416,c_fit,fl_progressive,q_95/v1/img/recipes/38/pictzvxW5.jpg"")",Frozen Desserts,"c(""Dessert"", ""Low Protein"", ""Low Cholesterol"", ""Healthy"", ""Free Of..."", ""Summer"", ""Weeknight"", ""Freezer"", ""Easy"")","c(""4"", ""1/4"", ""1"", ""1"")","c(""blueberries"", ""granulated sugar"", ""vanilla yogurt"", ""lemon juice"")",170.9,2.5,1.3,8,29.8,37.1,3.6,30.2,3.2,4,NA,"c(""Toss 2 cups berries with sugar."", ""Let stand for 45 minutes, stirring occasionally."", ""Transfer berry-sugar mixture to food processor."", ""Add yogurt and process until smooth."", ""Strain through fine sieve. Pour into baking pan (or transfer to ice cream maker and process according to manufacturers' directions). Freeze uncovered until edges are solid but centre is soft.  Transfer to processor and blend until smooth again."", ""Return to pan and freeze until edges are solid."", ""Transfer to processor and blend until smooth again."", 
""Fold in remaining 2 cups of blueberries."", ""Pour into plastic mold and freeze overnight. Let soften slightly to serve."")"
39,Biryani,25M,4H,4H25M,"c(""https://img.sndimg.com/food/image/upload/w_555,h_416,c_fit,fl_progressive,q_95/v1/img/recipes/39/picM9Mhnw.jpg"", ""https://img.sndimg.com/food/image/upload/w_555,h_416,c_fit,fl_progressive,q_95/v1/img/recipes/39/picHv4Ocr.jpg"")",Chicken Breast,"c(""Chicken Thigh & Leg"", ""Chicken"", ""Poultry"", ""Meat"", ""Asian"", ""Indian"", ""Weeknight"", ""Stove Top"")","c(""1"", ""4"", ""2"", ""2"", ""8"", ""1/4"", ""8"", ""1/2"", ""1"", ""1"", ""1/4"", ""1/4"", ""1/2"", ""1/4"", ""2"", ""3"", NA, ""2"", ""1"", ""1"", ""8"", ""2"", ""1/3"", ""1/3"", ""1/3"", ""6"")","c(""saffron"", ""milk"", ""hot green chili peppers"", ""onions"", ""garlic"", ""clove"", ""peppercorns"", ""cardamom seed"", ""cumin seed"", ""poppy seed"", ""mace"", ""cilantro"", ""mint leaf"", ""fresh lemon juice"", ""plain yogurt"", ""boneless chicken"", ""salt"", ""ghee"", ""onion"", ""tomatoes"", ""basmati rice"", ""long-grain rice"", ""raisins"", ""cashews"", ""eggs"")",1110.7,58.8,16.6,372.8,368.4,84.4,9,20.4,63.4,6,NA,"c(""Soak saffron in warm milk for 5 minutes and puree in blender."", ""Add chiles, onions, ginger, garlic, cloves, peppercorns, cardamom seeds, cinnamon, coriander and cumin seeds, poppy seeds, nutmeg, mace, cilantro or mint leaves and lemon juice. Blend into smooth paste. Put paste into large bowl, add yogurt and mix well."", ""Marinate chicken in yogurt mixture with salt, covered for at least 2 - 6 hours in refrigerator."", ""In skillet. heat oil over medium heat for 1 minute. Add ghee and 15 seconds later add onion and fry for about8 minutes."", 
""Reserve for garnish."", ""In same skillet, cook chicken with its marinade with tomatoes for about 10 minutes over medium heat, uncovered."", ""Remove chicken pieces from the sauce and set aside. Add rice to sauce, bring to boil, and cook, covered over low heat for 15 minutes."", ""Return chicken and add raisins, cashews and almonds; mix well."", ""Simmer, covered for 5 minutes."", ""Place chicken, eggs and rice in large serving dish in such a way that yellow of the eggs, the saffron-colored rice, the nuts and the chicken make a colorful display."", 
""Add reserved onion as garnish."")"
40,Best Lemonade,5M,30M,35M,"c(""https://img.sndimg.com/food/image/upload/w_555,h_416,c_fit,fl_progressive,q_95/v1/img/recipes/40/picJ4Sz3N.jpg"", ""https://img.sndimg.com/food/image/upload/w_555,h_416,c_fit,fl_progressive,q_95/v1/img/recipes/40/pic23FWio.jpg"")",Beverages,"c(""Low Protein"", ""Low Cholesterol"", ""Healthy"", ""Summer"", ""< 60 Mins"")","c(""1 1/2"", ""1"", NA, ""1 1/2"", NA, ""3/4"")","c(""sugar"", ""lemons, rind of"", ""lemon, zest of"", ""fresh water"", ""fresh lemon juice"")",311.1,0.2,0,0,1.8,81.5,0.4,77.2,0.3,4,NA,"c(""Into a 1 quart Jar with tight fitting lid, put sugar and lemon peel, or zest;  add 1 1/2 cups very hot water (not from tap!). With lid fitted firmly, shake jar until sugar is dissolved."", ""Add lemon juice. Refrigerate until chilled."", ""To Serve: Into each 12-ounce glass, over ice cubes, pour 1/4 cup of the lemon syrup."", ""Then add chilled club soda or, if you prefer, water."", ""Stir to mix well."")"
41,Carina's Tofu-Vegetable Kebabs,20M,24H,24H20M,"c(""https://img.sndimg.com/food/image/upload/w_555,h_416,c_fit,fl_progressive,q_95/v1/img/recipes/41/picmbLig8.jpg"", ""https://img.sndimg.com/food/image/upload/w_555,h_416,c_fit,fl_progressive,q_95/v1/img/recipes/41/picL02w0s.jpg"")",Soy/Tofu,"c(""Beans"", ""Vegetable"", ""Low Cholesterol"", ""Weeknight"", ""Broil/Grill"", ""Oven"")","c(""12"", ""1"", ""2"", ""1"", ""10"", ""1"", ""3"", ""2"", ""2"", ""2"", ""1"", ""2"", ""1/2"", ""1/4"", ""4"")","c(""extra firm tofu"", ""eggplant"", ""zucchini"", ""mushrooms"", ""soy sauce"", ""low sodium soy sauce"", ""olive oil"", ""maple syrup"", ""honey"", ""red wine vinegar"", ""lemon juice"", ""garlic cloves"", ""mustard powder"", ""black pepper"")",536.1,24,3.8,0,1558.6,64.2,17.3,32.1,29.3,2,4 kebabs,"c(""Drain the tofu, carefully squeezing out excess water,  and pat dry with paper towels."", ""Cut tofu into one-inch squares."", ""Set aside.  Cut  eggplant lengthwise in half, then cut each half into approximately three strips."", ""Cut strips crosswise into one-inch cubes."", ""Slice zucchini into half-inch thick  slices."", ""Cut red pepper in half, removing stem and seeds, and cut each half into  one-inch squares."", ""Wipe mushrooms clean with a moist paper towel and remove  stems."", ""Thread tofu and vegetables on to barbecue skewers in alternating color  combinations: For example, first a piece of eggplant, then a slice of tofu, then zucchini, then red pepper, baby corn and mushrooms."", 
""Continue in this way until  all skewers are full."", ""Make the marinade by putting all ingredients in a  blender, and blend on high speed for about one minute until mixed."", ""Alternatively, put all ingredients in a glass jar, cover tightly with the lid  and shake well until mixed."", ""Lay the kebabs in a long, shallow baking pan or on  a non-metal tray, making sure they lie flat. Evenly pour the marinade over the  kebabs, turning them once so that the tofu and vegetables are coated."", ""Refrigerate the kebabs for three to eight hours, occasionally spooning the  marinade over them."", 
""Broil or grill the kebabs at 450 F for 15-20 minutes, or on the grill, until the vegetables are browned."", ""Suggestions  This meal can be served over cooked, brown rice. Amounts can easily be doubled to make four servings."")"
42,Cabbage Soup,30M,20M,50M,"""https://img.sndimg.com/food/image/upload/w_555,h_416,c_fit,fl_progressive,q_95/v1/img/recipes/42/picVEMxk8.jpg""",Vegetable,"c(""Low Protein"", ""Vegan"", ""Low Cholesterol"", ""Healthy"", ""Winter"", ""< 60 Mins"", ""Easy"")","c(""46"", ""4"", ""1"", ""2"", ""1"")","c(""plain tomato juice"", ""cabbage"", ""onion"", ""carrots"", ""celery"")",103.6,0.4,0.1,0,959.3,25.1,4.8,17.7,4.3,4,NA,"c(""Mix everything together and bring to a boil."", ""Reduce heat and simmer for 30 minutes (longer if you prefer your veggies to be soft)."", ""Refrigerate until cool."", ""Serve chilled with sour cream."")"
43,Best Blackbottom Pie,2H,20M,2H20M,character(0),Pie,"c(""Dessert"", ""Weeknight"", ""Stove Top"", ""< 4 Hours"")","c(""1 1/4"", ""1/4"", ""6"", ""1/3"", ""1/4"", ""1/4"", ""2"", ""3"", ""1"", ""1"", ""1/4"", ""1"", ""2"", ""3"", ""1/4"", ""1/2"", NA)","c(""graham cracker crumbs"", ""sugar"", ""butter"", ""sugar"", ""cornstarch"", ""salt"", ""milk"", ""vanilla extract"", ""water"", ""gelatin"", ""rum"", ""cream of tartar"", ""sugar"")",437.9,19.3,10.9,94.3,267.6,58,1.8,42.5,7,8,1 9-inch pie,"c(""Graham Cracker Crust: In small bowl, combine graham cracker crumbs, sugar   and butter.  Press evenly on bottom and sides of 9-inch pie plate. Chill   until firm (about 1 hour)."", ""Chocolate Layer: In medium saucepan, combine sugar, cornstarch and salt.   Gradually stir in milk.  Cook over medium heat, stirring constantly, until   mixture boils.  Remove from heat. In small bowl, beat egg yolks. Gradually   stir in small amount of hot mixture; return to saucepan. Cook over low   heat, stirring constantly, for 2 minutes. Remove from heat."", 
""Remove 1-1/2   cups custard to medium bowl; add  semi-sweet chocolate   morsels and vanilla extract. Stir until morsels are melted and mixture is   smooth."", ""Pour into prepared Graham Cracker Crust; chill until set (about 30   minutes)."", ""While Chocolate Layer is chilling, prepare Vanilla Layer."", ""Vanilla Layer: In large bowl, combine cold water and gelatin; let stand 5   minutes.  Add remaining warm custard; stir until gelatin dissolves.  Cool 15   minutes.  Stir in rum; beat with wire whisk until smooth. Set aside."", 
""In   1-1/2 quart bowl, combine egg whites and cream of tartar; beat until foamy.  Gradually add sugar; beat until stiff peaks form.  Fold egg whites into   custard; pour over chocolate layer."", ""Chill until set (about 2 hours)."", ""Garnish with whipped cream and chocolate shavings, if desired."", ""Makes one   9-inch pie."")"
44,Warm Chicken A La King,3M,35M,38M,"""https://img.sndimg.com/food/image/upload/w_555,h_416,c_fit,fl_progressive,q_95/v1/img/recipes/44/picsSKvFd.jpg""",Chicken,"c(""Poultry"", ""Meat"", ""< 60 Mins"")","c(""12"", ""2"", ""3"", ""450"", ""1"", ""2"", ""1/4"", ""1"", NA, NA, ""2"", ""2"", ""1"", NA)","c(""chicken"", ""butter"", ""flour"", ""milk"", ""celery"", ""button mushrooms"", ""green pepper"", ""canned pimiento"", ""salt"", ""black pepper"", ""Worcestershire sauce"", ""parsley"")",895.5,66.8,31.9,405.8,557.2,29.1,3.1,5,45.3,2,NA,"c(""Melt 1 1/2 ozs butter, add the flour and cook for 2 to 3 minutes, stirring."", ""Gradually add milk and cook, stirring, until thick and smooth."", ""Melt the  remaining butter and saute sliced celery, button mushrooms and chopped pepper  until soft but not coloured."", ""Add celery, mushrooms, pepper, chicken and  pimiento to the sauce and heat through."", ""Season to taste.  Combine the egg  yolks, double cream and Worcestershire sauce. Add to the chicken mixture and  heat through."", ""Transfer to a serving dish and sprinkle with chopped parsley.""
)"
45,Buttermilk Pie With Gingersnap Crumb Crust,50M,30M,1H20M,"""https://img.sndimg.com/food/image/upload/w_555,h_416,c_fit,fl_progressive,q_95/v1/img/recipes/45/pic79tPh5.jpg""",Pie,"c(""Dessert"", ""Healthy"", ""Weeknight"", ""Oven"", ""< 4 Hours"")","c(""3/4"", ""1"", ""1"", ""2"", ""3"", ""1/4"", ""1"", ""1/2"", ""1/2"", ""2"")","c(""sugar"", ""margarine"", ""egg"", ""flour"", ""salt"", ""buttermilk"", ""graham cracker crumbs"", ""margarine"")",228,7.1,1.7,24.5,281.8,37.5,0.5,24.7,4.2,8,NA,"c(""Preheat oven to 350°F."", ""Make pie crust, using 8 inch pie pan, do not bake."", ""Mix sugar and margarine in medium bowl until blended; beat in egg whites and egg."", ""Stir in flour, salt, and buttermilk until well blended."", ""Pour filling into prepared crust, bake 40 minutes or until sharp knife inserted near center comes out clean."", ""Sprinkle with nutmeg and serve warm or chilled."", ""Combine graham crumbs, gingersnap crumbs, and margarine in 8 or 9 inch pie pan, pat mixture evenly on bottom and side of pan."", 
""Bake 8 to 10 minutes or until edge of crust is lightly browned."", ""Cool on wire rack."")"
48,Boston Cream Pie,NA,2H15M,2H15M,character(0),Pie,"c(""Dessert"", ""Weeknight"", ""Oven"", ""< 4 Hours"")","c(""1/2"", ""2 1/4"", ""3"", ""1"", ""1 1/2"", ""1/3"", ""1 1/2"", ""2"", ""1"", ""1/3"", ""1"", ""1 1/2"", ""1"", ""1/2"", ""1"", ""1/4"", ""1"", ""1 1/2"", ""2"", ""1"")","c(""margarine"", ""cake flour"", ""baking powder"", ""salt"", ""sugar"", ""vanilla"", ""eggs"", ""milk"", ""sugar"", ""cornstarch"", ""milk"", ""flour"", ""salt"", ""vanilla"", ""butter"", ""vanilla"")",688.2,36.4,12.9,105.9,722.3,84,1.6,46.2,8.8,8,1 pie,"c(""Beat egg whites until soft peaks form."", ""Gradually add 1/2 cup sugar, beating until very stiff peaks form."", ""Sift together remaining dry ingredients into another bowl."", ""Add oil, half the  milk and vanilla."", ""Beat 1 minute at medium speed."", ""Add remaining milk and egg yolks."", ""Beat 1 minute, scrape bowl."", ""Gently fold in egg whites."", ""Bake in two greased 9x 1.5-inch round pans in 350°F oven for 25 minutes."", ""Cool 10 minutes and then remove from pans."", ""Cool completely."", ""Fill with cream filling."", 
""Frost with Chocolate Glaze."", ""French Custard Filling: In saucepan, combine sugar, flour, cornstarch and salt.  Gradually stir in milk."", ""Cook and stir until mixture thickens and boils; cook and stir 2-3 minutes longer."", ""Stir a little of hot mixture into egg yolk; return to hot mixture."", ""Cook and stir until mixture just boils."", ""Add vanilla; cool."", ""Beat until smooth; fold in whipped cream."", ""Chocolate Glaze: Melt chocolate and butter over low heat, stirring constantly."", ""Remove from heat. Stir in confectioners' sugar and vanilla until crumbly."", 
""Blend in 3 tablespoons boiling water."", ""Add enough water (about 2 teaspoons), a teaspoon at a time, to form medium glaze of pouring consistency."", ""Pour quickly over top of cake; spread glaze evenly over top and sides."")"
49,Chicken Breasts Lombardi,30M,45M,1H15M,"c(""https://img.sndimg.com/food/image/upload/w_555,h_416,c_fit,fl_progressive,q_95/v1/img/recipes/49/m1z1F8S5mAZgyImm5zYw_Lombardi%20Chicken%203.jpg"", ""https://img.sndimg.com/food/image/upload/w_555,h_416,c_fit,fl_progressive,q_95/v1/img/recipes/49/01481162521.jpeg"", ""https://img.sndimg.com/food/image/upload/w_555,h_416,c_fit,fl_progressive,q_95/v1/img/recipes/49/Sa0Yu0UyRoyh1B03oLnD_20161102_174049.jpg"", ""https://img.sndimg.com/food/image/upload/w_555,h_416,c_fit,fl_progressive,q_95/v1/img/recipes/49/01477708512.jpeg"", 
""https://img.sndimg.com/food/image/upload/w_555,h_416,c_fit,fl_progressive,q_95/v1/img/recipes/49/tHou0UsyTiAsfQo29Fpi_Lombardi%20Chicken%202.jpg"", ""https://img.sndimg.com/food/image/upload/w_555,h_416,c_fit,fl_progressive,q_95/v1/img/recipes/49/X2b0bl8aTGivq4ErsD3g_Lombardi%20chicken%201.jpg"", ""https://img.sndimg.com/food/image/upload/w_555,h_416,c_fit,fl_progressive,q_95/v1/img/recipes/49/picvZU6rd.jpg"")",Chicken Breast,"c(""Chicken"", ""Poultry"", ""Meat"", ""European"", ""Very Low Carbs"", ""Weeknight"", ""Oven"", ""< 4 Hours"")","c(""2"", ""2"", ""12"", ""1/2"", ""1/3"", ""3/4"", ""1/2"", ""1/2"", ""1/2"", ""1/2"", ""1/4"")","c(""fresh mushrooms"", ""butter"", ""boneless skinless chicken breast halves"", ""flour"", ""butter"", ""marsala"", ""chicken broth"", ""salt"", ""mozzarella cheese"", ""parmesan cheese"", ""green onion"")",627.7,24.9,13,203,848.9,13.7,0.6,2,57.9,6,NA,"c(""Cook mushrooms in 2 tbsp butter in a large  skillet, stirring constantly, just   until tender."", ""Remove from heat; set aside.  Cut each chicken breast half in  half lengthwise.   Place each piece of chicken  between two sheets of wax paper; flatten to  1/8\"" thickness, using a meat  mallet or rolling pin."", ""Dredge chicken pieces in flour."", ""Place 5 or 6  pieces of chicken in 1 to 2  tbsp butter in a  large skillet; cook over medium  heat 3 to 4 minutes on each  side or until  golden."", ""Place chicken in a lightly  greased 13x9\"" baking dish,  overlapping  edges."", 
""Repeat procedure with  remaining chicken and butter."", ""Reserve pan  drippings in skillet.  Sprinkle  reserved mushrooms over chicken."", ""Add wine and  broth to skillet.  Bring to a boil;  reduce heat, and simmer,  uncovered, 10  minutes, stirring occasionally."", ""Stir in salt and pepper."", ""Pour  sauce over  chicken."", ""Combine cheeses and green  onions; sprinkle over chicken."", ""Bake  uncovered at 450 for 12 to 14 minutes."", ""Broil 5 1/2\"" away from heat 1 to  2  minutes or until browned."")"
51,Chai Tea,25M,15M,40M,character(0),Beverages,"c(""Free Of..."", ""< 60 Mins"")","c(""4"", ""1"", ""1"", ""1 1/2"", ""1"", NA, ""10 -12"", ""1/2"", ""4 -5"", ""1/2"", ""1"")","c(""water"", ""black tea"", ""cinnamon stick"", ""milk"", ""sugar"", ""honey"", ""cardamom pods"", ""black peppercorns"", ""star anise"", ""whole cloves"", ""whole coriander seed"")",69.2,3.8,2.1,12.8,53.2,6,0.7,0,3.5,4,NA,"c(""Bring water and spices to boil in saucepan."", ""Reduce heat, cover and simmer 20  minutes."", ""Add teabags and milk, simmer 3-5 minutes."", ""Add sweetner to taste. Serves 4."", ""(The tea becomes spicier as it sits, may want to strain out spices)."")"
52,Cafe Cappuccino,NA,5M,5M,"c(""https://img.sndimg.com/food/image/upload/w_555,h_416,c_fit,fl_progressive,q_95/v1/img/recipes/52/picAkC0UW.jpg"", ""https://img.sndimg.com/food/image/upload/w_555,h_416,c_fit,fl_progressive,q_95/v1/img/recipes/52/piccYWEE1.jpg"")",Beverages,"c(""Low Cholesterol"", ""High Protein"", ""Healthy"", ""High In..."", ""< 15 Mins"", ""For Large Groups"", ""No Cook"", ""Easy"")","c(""1/2"", ""3/4"", ""1"", ""1/2"")","c(""instant coffee"", ""sugar"", ""nonfat dry milk solid"")",62.2,0.1,0,1.3,36.6,12.8,0,11.8,2.7,18,2 1/4 cups,"c(""Stir ingredients together."", ""Process in a blender until powdered."", ""Use 2 Tbsp.  of mixture for each cup of hot water."")"
54,Carrot Cake,50M,45M,1H35M,"c(""https://img.sndimg.com/food/image/upload/w_555,h_416,c_fit,fl_progressive,q_95/v1/img/recipes/54/picQ2X4D8.jpg"", ""https://img.sndimg.com/food/image/upload/w_555,h_416,c_fit,fl_progressive,q_95/v1/img/recipes/54/pic3oloIV.jpg"", ""https://img.sndimg.com/food/image/upload/w_555,h_416,c_fit,fl_progressive,q_95/v1/img/recipes/54/picf0dw0o.jpg"")",Dessert,"c(""Vegetable"", ""Weeknight"", ""Oven"", ""< 4 Hours"")","c(""3"", ""4"", ""1 1/4"", ""2"", ""2"", ""2"", ""2"", ""1"", ""1"", ""1/2"", ""1"", ""1 1/4"", ""1"", ""1"", ""1/2"")","c(""carrots"", ""eggs"", ""white sugar"", ""all-purpose flour"", ""baking powder"", ""baking soda"", ""cinnamon"", ""salt"", ""nutmeg"", ""golden raisin"", ""confectioners' sugar"", ""cream cheese"", ""light corn syrup"", ""vanilla extract"")",522.6,27.1,4.9,69.8,534.8,67,1.6,47.9,5,12,1 bundt,"c(""Beat together the eggs, oil, and white sugar. Blend mixture for thirty seconds."", ""Sift together flour, baking powder, baking soda, salt and spices. Add the  carrots and raisins."", ""Pour egg mixture into dry ingredients, and mix well. Pour  batter into well greased 10 inch tube or Bundt pan."", ""Bake at 350 degrees F (175  degrees C) oven for 45 to 50 minutes. Cool cake on wire rack, and then  refrigerate until completely cooled."", ""To make Cream Cheese Glaze: Blend together  confectioners' sugar, cream cheese, corn syrup, and vanilla. Spread over cooled  cake.""
)"
55,Betty Crocker's Southwestern Guacamole Dip,2H,5M,2H5M,"c(""https://img.sndimg.com/food/image/upload/w_555,h_416,c_fit,fl_progressive,q_95/v1/img/recipes/55/piclZzIyA.jpg"", ""https://img.sndimg.com/food/image/upload/w_555,h_416,c_fit,fl_progressive,q_95/v1/img/recipes/55/picMUqRBi.jpg"", ""https://img.sndimg.com/food/image/upload/w_555,h_416,c_fit,fl_progressive,q_95/v1/img/recipes/55/picmeltus.jpg"", ""https://img.sndimg.com/food/image/upload/w_555,h_416,c_fit,fl_progressive,q_95/v1/img/recipes/55/picO6xTtc.jpg"", ""https://img.sndimg.com/food/image/upload/w_555,h_416,c_fit,fl_progressive,q_95/v1/img/recipes/55/pic1hlVfW.jpg""
)",Southwestern U.S.,"c(""Mexican"", ""Low Protein"", ""Low Cholesterol"", ""Healthy"", ""Weeknight"", ""No Cook"", ""< 4 Hours"", ""Easy"")","c(""5"", ""1"", ""1/2"", ""4"", ""1/4"")","c(""avocados"", ""tomatoes"", ""salt"", ""garlic"", ""lime juice"")",415.9,36.9,5.4,0,310.6,24.9,17.3,2.8,5.5,4,NA,"c(""Peel and mash avocados until lumpy."", ""Add remaining ingredients and chill for 1 - 2 hours."")"
56,Buttermilk Pie,1H,20M,1H20M,"c(""https://img.sndimg.com/food/image/upload/w_555,h_416,c_fit,fl_progressive,q_95/v1/img/recipes/56/nTwHmSmmRqGCr5HAUapC_pie-1194.jpg"", ""https://img.sndimg.com/food/image/upload/w_555,h_416,c_fit,fl_progressive,q_95/v1/img/recipes/56/KVgOoNMtRF6wvr5F2LN8_IMG_20180506_232451.jpg"", ""https://img.sndimg.com/food/image/upload/v1/img/feed/56/FNPRvh8RVDt87oJMvdaQ_166757453857297.jpg"", ""https://img.sndimg.com/food/image/upload/w_555,h_416,c_fit,fl_progressive,q_95/a_270/v1/img/recipes/56/YrLhorGAT1ifQL8kR6Wi_image.jpg?rotate=270"", 
""https://img.sndimg.com/food/image/upload/w_555,h_416,c_fit,fl_progressive,q_95/v1/img/recipes/56/picJXAlyG.jpg"", ""https://img.sndimg.com/food/image/upload/v1/img/feed/56/JOBnvLyxTLOaUX9iAHwY_10158835129563134.jpg"", ""https://img.sndimg.com/food/image/upload/v1/img/feed/56/ZdWr5wSqTXxLp9gQKZva_6177182B-027F-47EE-9C80-39990213CCFC.jpeg"", ""https://img.sndimg.com/food/image/upload/v1/img/feed/56/VZPyxCFZRGDdqWjVI3Ig_0553DC1D-4ACE-4409-9EDD-5E05816DABF8.jpeg"", ""https://img.sndimg.com/food/image/upload/v1/img/feed/56/PqvYaX51TkK0ftMAzQpW_SPhotoEditor-20180123_200317.jpg"", 
""https://img.sndimg.com/food/image/upload/w_555,h_416,c_fit,fl_progressive,q_95/v1/img/recipes/56/J2tzJWCfRymRlQleEd6y_pie-1181.jpg"", ""https://img.sndimg.com/food/image/upload/w_555,h_416,c_fit,fl_progressive,q_95/v1/img/recipes/56/LOQPyV1SkSvINuu2lHnQ_pie-1178.jpg"", ""https://img.sndimg.com/food/image/upload/w_555,h_416,c_fit,fl_progressive,q_95/v1/img/recipes/56/FKfvNy09TZOJZXhks55M_image.jpg"", ""https://img.sndimg.com/food/image/upload/w_555,h_416,c_fit,fl_progressive,q_95/v1/img/recipes/56/WcvltJdQpaBj0VuIwkRM_20150221_185141.jpg"", 
""https://img.sndimg.com/food/image/upload/w_555,h_416,c_fit,fl_progressive,q_95/v1/img/recipes/56/pfKfVg22RWae0KXp4Zxx_IMG_20150221_124006.jpg"", ""https://img.sndimg.com/food/image/upload/w_555,h_416,c_fit,fl_progressive,q_95/v1/img/recipes/56/picJEONrC.jpg"", ""https://img.sndimg.com/food/image/upload/w_555,h_416,c_fit,fl_progressive,q_95/v1/img/recipes/56/picrMc1hm.jpg"", ""https://img.sndimg.com/food/image/upload/w_555,h_416,c_fit,fl_progressive,q_95/v1/img/recipes/56/picI0FnqN.jpg"", ""https://img.sndimg.com/food/image/upload/w_555,h_416,c_fit,fl_progressive,q_95/v1/img/recipes/56/picm865Ry.jpg"", 
""https://img.sndimg.com/food/image/upload/w_555,h_416,c_fit,fl_progressive,q_95/v1/img/recipes/56/picpY7xxC.jpg"", ""https://img.sndimg.com/food/image/upload/w_555,h_416,c_fit,fl_progressive,q_95/v1/img/recipes/56/picG0knyL.jpg"", ""https://img.sndimg.com/food/image/upload/w_555,h_416,c_fit,fl_progressive,q_95/v1/img/recipes/56/picMujOhS.jpg"", ""https://img.sndimg.com/food/image/upload/w_555,h_416,c_fit,fl_progressive,q_95/v1/img/recipes/56/6mu4U7FdQvSbUJcZsfnb_2285843731647190.jpg"", ""https://img.sndimg.com/food/image/upload/v1/img/feed/56/irAZOAxdSjOqcEnJuVTG_2285843731647190.jpg"", 
""https://img.sndimg.com/food/image/upload/v1/img/feed/56/pzhS4q7QKSMqZASDBtNB_IMG_20180506_232451.jpg"", ""https://img.sndimg.com/food/image/upload/v1/img/feed/56/Vg7ihmiYSTeiZMT2CQ_Buttermilk%20pie.JPG"", ""https://img.sndimg.com/food/image/upload/v1/img/feed/56/M3067khQQjC4cYTLtBSM_20170312_211847.jpg"", ""https://img.sndimg.com/food/image/upload/w_555,h_416,c_fit,fl_progressive,q_95/v1/img/recipes/56/NNse5q3TRZum6MXQVNya_IMG_6814.JPG"", ""https://img.sndimg.com/food/image/upload/w_555,h_416,c_fit,fl_progressive,q_95/v1/img/recipes/56/pick370mI.jpg""
)",Pie,"c(""Dessert"", ""Oven"", ""< 4 Hours"", ""Easy"")","c(""1/2"", ""1 1/2"", ""3"", ""3"", ""1"", ""1"", ""1"", ""1"")","c(""butter"", ""margarine"", ""sugar"", ""flour"", ""eggs"", ""salt"", ""vanilla"", ""buttermilk"")",395.9,19.1,9.8,101.5,269.8,52.2,0.7,39.9,5,8,NA,"c(""Preheat oven to 400°F."", ""Beat the butter and sugar together until light."", ""Add the eggs and beat; then beat in vanilla."", ""Sift the dry ingredients together and add to the batter alternatively with the buttermilk; beat until smooth."", ""Pour into a deep dish pie shell and bake at 400F for 10 minutes, reduce heat to 350F and bake for 50-60 additional minutes."", ""Pie should turn a nice golden brown and a knife inserted should come out clean."", ""I think it is absolutely best when it is just still warm. (Not too hot, or it will be like napalm.).""
)"
57,Black Bean Salsa,NA,10M,10M,character(0),Sauces,"c(""Black Beans"", ""Beans"", ""Mexican"", ""Low Cholesterol"", ""Healthy"", ""< 15 Mins"", ""No Cook"", ""Easy"")","c(""2"", ""2 -3"", ""2 -3"", ""2 -3"", ""2 -3"", ""2"", ""2"", NA, NA)","c(""black beans"", ""tomatoes"", ""roma tomatoes"", ""green onions"", ""garlic"", ""cilantro"", ""white pepper"")",114.3,3.8,0.5,0,3.7,15.6,5.5,1.4,5.4,8,NA,"c(""Combine all ingredients in a bowl."", ""Serve with tortilla chips."")"
58,Low-Fat Burgundy Beef & Vegetable Stew,2H14M,30M,2H44M,"c(""https://img.sndimg.com/food/image/upload/w_555,h_416,c_fit,fl_progressive,q_95/v1/img/recipes/58/picnE8qoe.jpg"", ""https://img.sndimg.com/food/image/upload/w_555,h_416,c_fit,fl_progressive,q_95/v1/img/recipes/58/picwiayaY.jpg"", ""https://img.sndimg.com/food/image/upload/w_555,h_416,c_fit,fl_progressive,q_95/v1/img/recipes/58/picAaGXgc.jpg"", ""https://img.sndimg.com/food/image/upload/w_555,h_416,c_fit,fl_progressive,q_95/v1/img/recipes/58/picD2ey4Z.jpg"", ""https://img.sndimg.com/food/image/upload/w_555,h_416,c_fit,fl_progressive,q_95/v1/img/recipes/58/picKtSTwb.jpg"", 
""https://img.sndimg.com/food/image/upload/w_555,h_416,c_fit,fl_progressive,q_95/v1/img/recipes/58/picY2Aqui.jpg"")",Stew,"c(""Vegetable"", ""Meat"", ""Low Cholesterol"", ""Healthy"", ""Free Of..."", ""Weeknight"", ""< 4 Hours"")","c(""1 1/2"", ""1"", ""1"", ""1/2"", ""1/2"", ""1"", ""1/2"", ""3"", ""5 1/2"", ""1"", ""2"", ""1"")","c(""beef eye round"", ""dried thyme leaves"", ""salt"", ""pepper"", ""ready-to-serve beef broth"", ""Burgundy wine"", ""garlic"", ""cornstarch"", ""frozen sugar snap peas"")",280.1,6,1.5,66.9,591.5,22.4,6.1,9.2,29.8,6,NA,"c(""Trim fat from beef, cut into 1-inch pieces."", ""In Dutch oven, heat oil over medium high hunt until hot. Add beef (half at a time) and brown evenly, stirring occasionally."", ""Pour off drippings."", ""Season with thyme, salt and pepper."", ""Stir in broth, wine and garlic. Bring to boil; reduce heat to low."", ""Cover tightly and simmer 1 1/2 hours."", ""Add carrots and onions."", ""Cover and continue cooking 35 to 40 minutes or until beef and vegetables are tender."", ""Bring beef stew to a boil over medium-high heat. Add cornstarch mixture; cook and stir 1 minute. Stir in sugar snap peas."", 
""Reduce heat to medium and cook 3 to 4 minutes or until peas are heated through."")"
59,Lou's Fabulous Bruschetta,10M,30M,40M,"""https://img.sndimg.com/food/image/upload/w_555,h_416,c_fit,fl_progressive,q_95/v1/img/recipes/59/pickKDLXe.jpg""",Vegetable,"c(""European"", ""Low Cholesterol"", ""Healthy"", ""Spring"", ""Summer"", ""< 60 Mins"", ""Oven"")","c(""1"", NA, NA, ""3/4"", NA, NA, ""4 -5"", ""1 -2"", ""4 -5"")","c(""French baguette"", ""butter"", ""garlic powder"", ""ricotta cheese"", ""parmesan cheese"", ""salt"", ""tomatoes"", ""olive oil"", ""fresh basil leaves"")",221.5,6.5,2.5,11.8,367.8,32.5,2.5,1.8,8.1,8,NA,"c(""Cut baguette into slices."", ""Butter and then sprinkle garlic powder each piece, and bake till lightly golden brown."", ""Mix garlic powder, Parmesan cheese, and salt in the ricotta cheese, till a lovely blended taste."", ""Dice tomatoes in small cubes,   add Olive Oil, and  small strips of fresh basil leaves, cut into thin strips."", ""Spread the ricotta mixture, generously on the cooled garlic bread slices."", ""Top with tomato mixture and bake at 350F for 10 minutes."", ""Enjoy!"")"
60,Blueberry Dessert,NA,35M,35M,character(0),Dessert,"c(""Berries"", ""Fruit"", ""< 60 Mins"", ""Oven"")","c(""2"", ""1/2"", ""1/2"", ""2"", ""16"", ""1"", ""1"", ""1/4"")","c(""Bisquick baking mix"", ""sugar"", ""butter"", ""margarine"", ""eggs"", ""frozen blueberries"", ""Bisquick baking mix"", ""sugar"", ""firm butter"", ""margarine"")",381.1,17.3,8.8,62.1,437.6,54.5,1.6,36.9,3.9,12,NA,"c(""Heat oven to 400 degrees."", ""Mix 2 cups baking mix, 1/2 cup sugar, 1/2 cup butter  and egg yolks until crumbly."", ""Press into ungreased rectangular pan, 13x9x2\""."", ""Bake 10 min."", ""Beat egg whites until stiff; fold in blueberries."", ""Spread over baked  layer."", ""Mix remaining ingredients until crumbly; sprinkle over blueberry mixture. Bake until golden brown, about 20 min."")"
62,"Black Bean, Corn, and Tomato Salad",15M,10M,25M,character(0),Black Beans,"c(""Corn"", ""Beans"", ""Vegetable"", ""Low Cholesterol"", ""Healthy"", ""Free Of..."", ""Spring"", ""Summer"", ""< 30 Mins"", ""Easy"")","c(""3"", ""2"", ""1"", ""1"", ""1"", ""1"", ""2"", ""1"", ""4"")","c(""fresh lemon juice"", ""olive oil"", ""black beans"", ""fresh corn kernels"", ""plum tomato"", ""scallion"", ""fresh parsley leaves"", ""cayenne"", ""boston lettuce leaves"")",407.8,15.4,2.3,0,20,55.8,16.6,4.3,17.1,2,NA,"c(""In a bowl whisk together lemon juice, oil, and salt to taste."", ""Stir in remaining ingredients, exce lettuce leaves, with salt and black pepper to taste."", ""Let salad stand, stirring once or twice, 15 minutes for flavors to develop."", ""Line 2 plates with lettuce and divide salad between them."")"
64,Almond Pound Cake,1H,15M,1H15M,character(0),Dessert,"c(""Fruit"", ""Nuts"", ""Weeknight"", ""Oven"", ""< 4 Hours"")","c(""2/3"", ""3 1/2"", ""1 1/4"", ""4"", ""2 1/4"", ""5"", ""1"", ""1/2"")","c(""butter"", ""almond paste"", ""sugar"", ""eggs"", ""flour"", ""cornstarch"", ""baking powder"", ""milk"")",408.5,17.9,9,118.9,159.4,56,1.3,29,6.9,10,1 cake,"c(""Preheat oven to 350 degrees Fahrenheit."", ""Cream butter and almond paste until fluffy."", ""Add sugar, gradually add eggs, one at a time.  Mix together flour, cornstarch and baking powder, then add flour mixture and milk alternately."", ""Bake in greased 9x5 loaf pan for 1 hour."", ""Double recipe for a bundt pan and bake 75 minute."", ""Cool 10 min in pan, then turn out and cool completely."", ""Serve with powdered sugar, orange glaze or chocolate glaze."")"
67,Bourbon Pecan Pound Cake,1H,1H,2H,character(0),Dessert,"c(""Fruit"", ""Nuts"", ""Weeknight"", ""Oven"", ""< 4 Hours"")","c(""1/2"", ""2 1/2"", ""6"", ""3"", ""2"", ""1"", ""1"", ""1"", ""1/2"", ""1 1/2"", ""2"", ""1"", ""2"")","c(""butter"", ""sugar"", ""eggs"", ""cake flour"", ""baking powder"", ""salt"", ""nutmeg"", ""sour cream"", ""Bourbon"", ""pecans"", ""powdered sugar"", ""Bourbon"", ""water"")",697.7,31.7,13.6,143.6,441.9,91.2,1.9,62.6,7.8,12,NA,"c(""Combine butter and sugar in bowl of electric mixer and blend until light and fluffy."", ""Add eggs one at a time, beating constantly."", ""Sift together flour, baking powder, salt, and nutmeg."", ""Blend sour cream and bourbon."", ""Alternately add flour and sour cream mixture to batter."", ""Add pecans."", ""Grease bottom and sides of tube or bunt pan."", ""Pour in batter and bake at 325 degrees for about one hour and 30 minutes."", ""Test cake frequently after first hour and 15 minutes for doneness."", ""Let cake cool in pan for 15 minutes before turning out on wire rack."", 
""To prepare glaze, combine sugar and bourbon."", ""Stir while gradually adding water."", ""Add only enough water to make a pourable glaze without allowing mixture to become too thin."", ""Pour glaze over top of warm cake and let dribble down sides."")"
68,Chicago Style Pizza,2H38M,35M,3H13M,character(0),Weeknight,"c(""Oven"", ""< 4 Hours"")","c(""1"", ""1 1/4"", ""1"", ""1 1/2"", ""1/4"", ""3"", ""2"", ""0.5"", ""1"", NA, NA, ""1/4"", ""1/4"", ""1/4"", ""1/4"", ""1/4"")","c(""dry yeast"", ""water"", ""sugar"", ""salt"", ""flour"", ""cornmeal"", ""mozzarella cheese"", ""oregano"", ""pepper"", ""green pepper"", ""mushroom"", ""parmesan cheese"")",471.4,24.5,10.1,55,990,41.1,1.9,2.5,20.9,8,8 slices,"c(""For crust, dissolve yeast in water."", ""Add sugar,  salt and 2 tablespoons oil."", ""Stir in flour to make a soft  dough."", ""Turn out onto well floured board."", ""Knead about 3  minutes."", ""Put in greased bowl; cover and let rise in warm place  about 1 1/2  hours."", ""Brush a 14-inch deep-dish pizza pan with  2 tablespoons oil; sprinkle  with corn meal."", ""Punch dough down;  press in bottom of pan."", ""Let rise 30 minutes."", ""Punch down  again, lightly coat with olive oil."", ""Cook at 450 degrees for  about  10 minutes until set. (Punch down dough after 5 minutes or so.) Arrange cheese  over dough."", 
""Place pepperoni,  olives, peppers and mushrooms over cheese. Spread  pizza sauce. Sprinkle with oregano, crushed pepper and  Parmesan cheese. Place  pizza in oven and cook at 450 degrees  until cheese is melted and crust is  golden (about 20 to 25 minutes). Makes  8 slices."")"
71,Chicken and Dumplings,43M,1H25M,2H8M,character(0),Whole Chicken,"c(""Chicken"", ""Poultry"", ""Meat"", ""Winter"", ""Weeknight"", ""Broil/Grill"", ""Oven"", ""Stove Top"", ""< 4 Hours"")","c(""4"", ""1"", ""2"", ""1"", ""2"", ""1/4"", ""1"", ""1"", ""1"", NA, NA, ""2"", ""1/4"", ""3"", ""3/4"", ""1"")","c(""chicken"", ""carrot"", ""celery"", ""onion"", ""chicken bouillon cubes"", ""butter"", ""flour"", ""sherry wine"", ""lemon juice"", ""salt"", ""baking powder"", ""salt"", ""shortening"", ""milk"", ""peas"")",657.9,42.7,14.4,188.7,637.7,19.1,2.1,2.6,46.1,8,NA,"c(""Place chickens in large saucepan, cover with water and bring to a boil."", ""Simmer until chickens are tender."", ""Remove chickens from pan and set aside. Remove backbones."", ""Add chopped carrot, celery and onion and simmer 30 minutes."", ""Add chicken stock base and remove from heat. Strain and reserve stock."", ""Melt butter and stir in 1 cup flour until smooth."", ""Add to straine reserved chicken stock."", ""Simmer 5 minutes."", ""Add sherry and lemon juice, salt to taste and, if desired, food color."", 
""For dumplings, combine 1 1/2 cups flour, baking powder and 1/4 tsp salt in mixing bowl."", ""Cut in shortening until mixture resembles cornmeal."", ""Stir in milk until just blended."", ""Place about 1/2 inch water in saucepan with wire rack that comes 2 to 3 inches above water line. Cover rack with lightly oiled waxed paper, oiled side up."", ""With water gently simmering, drop dumplings by tablespoon onto waxed paper, leaving room in between for expansion."", ""Steam 8 minutes, uncovered, then cover and steam 7 minutes longer."", 
""Meanwhile, remove skin from cooked chicken and bone, if desired."", ""Cut in large pieces."", ""Place chicken pieces in casserole. Arrange dumplings on chicken."", ""Cover with sauce and sprinkle with peas for color."")"
72,Brownie Pudding,35M,40M,1H15M,character(0),Dessert,"c(""Low Protein"", ""Healthy"", ""Weeknight"", ""Oven"", ""< 4 Hours"")","c(""1/2"", ""1/2"", ""1/2"", ""2"", ""1/4"", ""1/2"", ""1"", ""2"", ""1/2"", ""1/2"", ""1 3/4"")","c(""all-purpose flour"", ""granulated sugar"", ""baking powder"", ""salt"", ""milk"", ""vanilla"", ""butter"", ""brown sugar"", ""boiling water"")",182.8,5.9,3.6,7.8,160.2,34,2.1,25.3,2.3,10,NA,"c(""Preheat oven to 350 degrees."", ""Combine flour, granulated sugar, 1/4  cup cocoa,  baking powder and salt in a bowl."", ""Stir in milk, butter and vanilla  until  smooth."", ""Stir in chocolate chips."", ""Spread in ungreased shallow 1  1/2 quart  casserole.  Sprinkle brown sugar and 1/4 cup cocoa on top."", ""Place in oven, pour  boiling water over top."", ""Bake 35 minutes, cool 10 minutes before  serving."", ""Serve with ice cream if desired."")"
74,Brownie Cheesecake Torte,55M,35M,1H30M,"""https://img.sndimg.com/food/image/upload/w_555,h_416,c_fit,fl_progressive,q_95/v1/img/recipes/74/kZ2yXx22RimC8sHBAlFa_image.jpg""",Cheesecake,"c(""Dessert"", ""Weeknight"", ""Oven"", ""< 4 Hours"")","c(""15 1/4"", ""2"", ""1/2"", ""4"", NA, ""1/2"", ""2"", ""4"", ""1"", ""8"", ""8"", ""2"", ""3"", ""2"", NA, NA)","c(""instant coffee granules"", ""cinnamon"", ""sugar"", ""sugar"", ""all-purpose flour"", ""vanilla extract"", ""fat free cream cheese"", ""skim milk"", ""fresh raspberry"")",122.1,4.9,3,15.9,194.7,14.4,0.5,10.9,5.7,12,12,"c(""Preheat oven to 425 degrees F."", ""Combine first 4 ingredients in a bowl."", ""Firmly press mixture into bottom and 1 inch up sides of a 9-inch springform pan coated with cooking spray."", ""Set aside. Combine 1/2 cup sugar, flour, vanilla, and cheeses;  beat at medium speed of a mixer until well-blended."", ""Add egg whites and 2 tablespoons milk; beat well."", ""Combine 1/2 cup batter, 1 tablespoon milk, 2 tablespoons sugar, and cocoa in a small bowl; stir well."", ""Spoon remaining batter alternately with cocoa mixture into prepared crust. Swirl together using the tip of a knife.  Bake at 425 degrees for 10 minutes."", 
""Reduce oven temperature to 250 degrees; bake 45 minutes or until almost set. Cool completely on a wire rack."", ""Garnish with chocolate syrup and fresh raspberries, if desired."")"
75,California Chilled Salsa,NA,25M,25M,character(0),Sauces,"c(""Low Protein"", ""Low Cholesterol"", ""Healthy"", ""Free Of..."", ""< 30 Mins"")","c(""2"", ""1"", ""1"", ""1"", ""1 1/2"", ""1"", ""1"", ""1"")","c(""tomatoes"", ""celery"", ""onion"", ""green pepper"", ""salt"", ""cider vinegar"", ""sugar"", ""green chili pepper"")",21,0.1,0,0,354.9,4.9,0.9,3.3,0.6,10,NA,"c(""* Also delicious made with red sweet peppers or a combination of red and  green for nice color."", ""Combine all ingredients; if finer texture is desired may be put  through food grinder using fine blade."", ""Cover tightly and chill overnight."", ""Serving Ideas : Serve cold as a relish with meat."", ""Kim C."")"
76,Alfredo Sauce,10M,5M,15M,"c(""https://img.sndimg.com/food/image/upload/w_555,h_416,c_fit,fl_progressive,q_95/v1/img/recipes/76/lfS6kBlpRJMGzvXr3Gkz_AS%204%20-%20final_2.jpg"", ""https://img.sndimg.com/food/image/upload/w_555,h_416,c_fit,fl_progressive,q_95/v1/img/recipes/76/RU5fnqOQ6kQhNPHuyepw_AS%204%20-%20final_4.jpg"", ""https://img.sndimg.com/food/image/upload/w_555,h_416,c_fit,fl_progressive,q_95/v1/img/recipes/76/7Zay46y4T5iIMpwytGAh_9A7A15FF-075C-4696-911B-80C05EC777C8.jpeg"", ""https://img.sndimg.com/food/image/upload/w_555,h_416,c_fit,fl_progressive,q_95/v1/img/recipes/76/rD6D3t6SrmNouznAOrTT_IMG_1241.JPG"", 
""https://img.sndimg.com/food/image/upload/w_555,h_416,c_fit,fl_progressive,q_95/v1/img/recipes/76/pic9nC3rH.jpg"", ""https://img.sndimg.com/food/image/upload/w_555,h_416,c_fit,fl_progressive,q_95/v1/img/recipes/76/picOZfuNC.jpg"", ""https://img.sndimg.com/food/image/upload/w_555,h_416,c_fit,fl_progressive,q_95/v1/img/recipes/76/picvhwJQj.jpg"", ""https://img.sndimg.com/food/image/upload/w_555,h_416,c_fit,fl_progressive,q_95/v1/img/recipes/76/piczatR8o.jpg"", ""https://img.sndimg.com/food/image/upload/w_555,h_416,c_fit,fl_progressive,q_95/v1/img/recipes/76/picCBDhXY.jpg"", 
""https://img.sndimg.com/food/image/upload/w_555,h_416,c_fit,fl_progressive,q_95/v1/img/recipes/76/pict87aHR.jpg"")",Sauces,"c(""European"", ""Very Low Carbs"", ""High In..."", ""< 15 Mins"", ""Easy"")","c(""1/4"", ""1"", ""3/4"", NA, ""1/4"")","c(""sweet butter"", ""heavy cream"", ""parmesan cheese"", ""salt"", ""pepper"")",489.9,50.4,31.5,159,312.4,2.5,0,0.2,8.7,4,NA,"c(""Place butter in microwave safe pot and heat on high for 30 seconds or until melted."", ""Add cream and warm on high for approximately 1 minute."", ""Add Parmesan cheese and warm until cheese melts."", ""Add salt and pepper to taste. (If serving with shrimp, you might not need much salt.)."", ""Pour over 4 servings of warm noodles (I use angel hair) and toss to coat. Serve immediately."", ""Notes: I serve it with cubed, grilled or broiled chicken breast mixed in with the noodles or shrimp. Add a green salad and you have a complete meal. I have used margarine and canned Parmesan cheese and it worked fine.""
)"
79,Brisket with Sauerkraut and Applesauce,3H,25M,3H25M,character(0),Weeknight,"c(""Stove Top"", ""< 4 Hours"", ""Easy"")","c(""1"", ""8"", ""1"", ""2"", ""1"")","c(""stewed tomatoes"", ""sauerkraut"", ""applesauce"", ""dark brown sugar"", ""beef brisket"")",232.9,13.6,5.4,36.5,475.7,19.3,2.3,8.5,9.6,6,NA,"c(""In a large cook pot place undrained tomatoes, sauerkraut with applesauce and  brown sugar."", ""Bring to a boil."", ""Lower heat and add brisket so that mixture can  cover some of brisket.Cover and simmer until meat is fork tender ( about 3 hours ); spooning sauce over brisket intermittently."", ""When meat is done, place brisket  on serving platter."", ""Remove excess fat from pot. Season sauce to taste ( more  sugar, spices etc. ). Thicken if desired with a bit of cornstarch mixed with  some cold water and add to sauce and cook and stir till thickened."", 
""For best  serving, prepare brisket ahead of time, let cool completely, slice meat, cover  with sauce and refrigerate till needed ( may be frozen ). Gently reheat and  serve slices of meat and sauce."")"
80,Bread Pudding,45M,20M,1H5M,character(0),Dessert,"c(""Weeknight"", ""Oven"", ""< 4 Hours"")","c(""2"", ""1"", ""2"", ""2"", ""9"", ""1/2"", ""1"", ""2"", ""1/4"")","c(""milk"", ""eggs"", ""sugar"", ""salt"", ""real vanilla"", ""unsalted butter"")",487.1,25.6,14.5,264.8,597.1,49.3,0.4,29.6,15.6,4,NA,"c(""Mix bread and milk together."", ""Add the 2 eggs and the 2 egg yolks with 5 tbsp of sugar and salt."", ""Add to the milk mixture will be the vanilla and butter."", ""Mix well and pour into a slightly greased 1 1/2 quart casserole."", ""Bake in a pie pan of water at 350° oven for 45 minutes."", ""For the Meringue topping: Beat the egg whites until stiff and add the 4 tbsp of sugar to it."", ""Pour in slowly"", ""Top the already baked pudding with it--making swirly peaks for decorations."", ""Bake again at 300° until a golden brown.""
)"
82,Brazilian Empadinhas,2H37M,1H,3H37M,"""https://img.sndimg.com/food/image/upload/w_555,h_416,c_fit,fl_progressive,q_95/v1/img/recipes/82/82.jpg""",Brazilian,"c(""South American"", ""Weeknight"", ""Oven"", ""< 4 Hours"")","c(NA, ""2 1/2"", ""1/2"", ""1/4"", ""1"", ""1"", ""3"", ""1"", ""1/2"", ""1/2"", ""3"", ""1"", ""1"", NA, NA, NA, ""1/2"", ""2"", ""2"", ""1"", ""2"")","c(""butter"", ""flour"", ""salt"", ""margarine"", ""milk"", ""water"", ""shrimp"", ""onion"", ""tomatoes"", ""parsley"", ""lemon"", ""salt"", ""pepper"", ""Tabasco sauce"", ""garlic"", ""cornstarch"", ""olive oil"", ""cumin"", ""bell peppers"")",329.7,16.7,3.4,77.5,446.8,35.6,2,1.9,9.3,8,NA,"c(""DOUGH Cut butter into salt and flour."", ""Stir in rest of the ingredients and knead to  combine or just process everything until it forms a ball."", ""Let rest covered 1  hour Make balls the size of a walnut, from 2/3  of the dough and line small  muffin tins with the dough."", ""Place 2 tsp. of the cold filling into the lined  tins."", ""Make small balls with the rest of the dough."", ""Flatten them to make lids for the mini pies."", ""Brush tops with egg yolk Bake in preheated 350 F oven for 30 to  35 minutes or until golden brown."", 
""SHRIMP FILLING Clean and devein shrimp, saving heads and shells."", ""Make a broth with the shells  and heads and 2 cups water."", ""Cook 1 hour, uncovered over low heat. Strain broth  and cook it down to 1/2 cup."", ""Cook onions and garlic in olive oil until they  start changing color."", ""Add bell pepper and cook 2 minutes, Add tomatoes, broth  and seasonings and simmer almost to a paste. Add shrimp and cook just until they become opaque. Stir in cornstarch diluted in 2 Tbsp water."", ""Stir until thick."", 
""Add parsley."", ""Let cool before using"", ""NOTES : May use other fillings such as chicken, hearts of palms, cheese Miriam Podcameni Posvolsky Rio de Janeiro"")"
83,Bubble and Squeak,2H27M,30M,2H57M,character(0),Breakfast,"c(""European"", ""Weeknight"", ""Broil/Grill"", ""Oven"", ""Stove Top"", ""< 4 Hours"")","c(""2"", ""2"", ""1/4"", ""4"", ""1/3"", ""1/2"", ""1"", ""1/2"", ""1"", ""1/2"")","c(""baking potatoes"", ""unsalted butter"", ""heavy cream"", ""bacon"", ""onion"", ""celery"", ""sage"", ""white pepper"", ""Brussels sprout"")",480.7,24.9,11.5,54.9,286.1,56.9,7.6,4.9,11.1,4,NA,"c(""Wash potatoes under cold running water then place in a large saucepan."", ""Cover with salted water, bring to a boil, reduce heat and simmer until soft, uncovered, about 15 minutes."", ""Drain and set aside and allow to cool slightly."", ""Peel potatoes and mash."", ""Add butter and cream and mix well."", ""Meanwhile fry bacon until crisp."", ""Drain on paper towel and set aside. In the same skillet add onion to bacon drippings and saute until soft, about 3 - 5 minutes."", ""Stir in celery, sage and pepper and saute 2 minutes longer."", 
""Add lemon juice. Combine vegetables with mashed potatoes, stir well to combine and refrigerate for 2 hours."", ""Shape potato mixture into 10 patties."", ""Melt 2 tablespoons butter in a large skillet and saute patties until brown and crispy, about 5 minutes per side. Crumble bacon over top and serve.                    - - - - - - - - - - - - - - - - - -"")"
84,Braised Brussels Sprouts With Vinegar and Dill,23M,25M,48M,"""https://img.sndimg.com/food/image/upload/w_555,h_416,c_fit,fl_progressive,q_95/v1/img/recipes/84/pickFstbF.jpg""",Vegetable,"c(""< 60 Mins"", ""Oven"", ""Easy"")","c(""3"", ""1/4"", ""2"", NA)","c(""Brussels sprouts"", ""fresh dill"", ""wine vinegar"")",40.9,0.6,0.1,0,23.9,8.1,3,2,2.9,12,NA,"c(""Trim sprouts; halved if desired."", ""In large pot of boiling salted water, cook Brussels sprouts for 8 minutes if whole, 6 minutes if halved, or until barely tender."", ""Drain, refresh under cold running water and drain again."", ""In well-greased 13x9-inch casserole, combine sprouts, dill, vinegar, and salt and pepper to taste; mix well."", ""Bake, covered, in 350°F oven for 10 minutes."", ""Uncover and bake for 5 minutes longer."")"
85,Butter Madeira Cake,1H45M,1H10M,2H55M,"c(""https://img.sndimg.com/food/image/upload/w_555,h_416,c_fit,fl_progressive,q_95/v1/img/recipes/85/picH7CI8k.jpg"", ""https://img.sndimg.com/food/image/upload/w_555,h_416,c_fit,fl_progressive,q_95/v1/img/recipes/85/picxHaQSq.jpg"", ""https://img.sndimg.com/food/image/upload/w_555,h_416,c_fit,fl_progressive,q_95/v1/img/recipes/85/pic3a9BE3.jpg"")",Dessert,"c(""Weeknight"", ""Oven"", ""< 4 Hours"")","c(""225"", ""2"", ""175"", ""175"", ""3"", ""1"", ""1"")","c(""flour"", ""baking powder"", ""caster sugar"", ""butter"", ""eggs"", ""milk"", ""vanilla essence"")",373.8,19.9,11.8,126.3,243.8,43.9,0.8,22.2,5.5,8,NA,"c(""Grease lined tin with melted butter."", ""Sift flour and baking powder into  processor and add all remaining ingredients."", ""Run machine for 20 counts."", ""Scrape  down sides."", ""Run machine for a further 30 counts."", ""Transfer to prepared tin and spread evenly with a spatula.  Bake at 160° C for 1 1/2 hours."", ""Leave in tin 15 minutes  before turning onto a rack."", ""VARIATIONS Seed cake = Add 2-3 tsp caraway seeds after scraping down the sides."", ""Orange Cake = omit vanilla."", ""Add 1 tsp orange peel."", 
""Lemon Cake = Add 1 tsp lemon peel."", ""Chocolate Speckle Cake = Add 1 crushed Chocolate Flake Bar after scraping down sides."", ""Raisin Cake = Add 3 oz raisins after scraping down sides."", ""Spicy Cake = Add 2-3 tsp Mixed Spice with the other ingredients."")"
87,Brownies,30M,35M,1H5M,character(0),Bar Cookie,"c(""Dessert"", ""Cookie & Brownie"", ""Weeknight"", ""Oven"", ""< 4 Hours"")","c(""150"", ""1"", ""2"", ""1"", ""4"", ""50"", NA, NA, NA)","c(""bittersweet chocolate"", ""butter"", ""sugar"", ""flour"", ""eggs"", ""vanilla extract"", ""rum"", ""filter coffee"")",355.1,19.5,10.6,111.2,164.1,42.6,0.7,33.7,4.2,12,NA,"c(""Preheat oven."", ""It must be hot to begin the baking."", ""Cut the chocolate and the butter into small pieces and put together in a pan."", ""Cook until butter and chocolate are well melted and mixed (one  or two minutes). Don't let the chocolate burn or it will become too much bitter! I suggest to use always wooden tablespoons, if possible. Add the two cups of sugar and let the preparation get cold."", ""Incorporate the eggs, mixing very well after each one of them."", ""Parfum with the vanilla, the rum and the coffee. Add the nuts and the flour, mixing always very well."", 
""Put this heavy cream into a rectangular bakery pan and bake it for approximately 30 minutes."", ""Serve cold (room temperature).          Serves: about 12 big brownies (for tea time)                 about 24 small ones  (for coffee, after a meal)."")"
88,Breakfast Burritos,NA,35M,35M,character(0),Breakfast,"c(""Mexican"", ""< 60 Mins"", ""Easy"")","c(""8"", ""1"", ""2"", ""10"")","c(""eggs"", ""country sausage"", ""flour tortillas"")",1974,112.2,41.1,656.1,4146,150.2,8.8,9.3,84.7,4,NA,"c(""Scramble eggs with a small amount of milk."", ""In another pan, crumble sausage and brown."", ""Combine with cheese; cook over low flame until cheese melts."", ""Mix in just enough ketchup until mixture holds together."", ""Warm tortillas in microwave on medium for about 30 seconds until soft enough to roll up without cracking."", ""Place about 1/4 cup egg mixture in tortilla and roll up."", ""Serve with salsa."")"
89,Almond Joy Cake,1H,20M,1H20M,character(0),Dessert,"c(""Low Protein"", ""Weeknight"", ""Oven"", ""< 4 Hours"")","c(""1"", ""1/2"", ""3/4"", ""3/4"", ""24"", ""14"", ""3"", ""3/4"", ""2/3"", ""1"", ""6"", ""1"", NA)","c(""margarine"", ""milk"", ""sugar"", ""marshmallows"", ""coconut"", ""sugar"", ""margarine"", ""evaporated milk"", ""vanilla flavoring"", ""marshmallow creme"")",1001.4,50.4,27.8,6.2,634.9,141.6,7.8,110.2,6.7,12,NA,"c(""Cake:  Bake according to directions on Super Moist Betty Crocker German Chocolate Cake Mix in 9\""x13\"" pan. Grease and flour pan. After allowing cake to to cool thoroughly, slice in half, making two thin layers. Lay top half aside carefully."", ""Center:  Cut up marshmallows with kitchen shears, (rub blades with margarine to prevent  sticking)."", ""Boil margarine, milk, and sugar together for 3 minutes.   Pour over marshmallows until melted.   Add coconut and stir."", ""Spread this mixture over bottom half of cake. Sprinkle generously with chopped almonds, if desired."", 
""Replace top half of cake."", ""Icing:  Combine sugar, milk and margarine, cook to soft ball stage or until candy  thermometer reaches 238 degrees.  Stir constantly to prevent scorching.    Remove  from heat, stir in chocolate chips, add marshmallow creme and vanilla flavoring.   Beat until well blended."", ""Cool, (not very much). Spread on cake. Sprinkle entire  cake generously with almond  pieces."", ""Cake is better if it sits overnight."")"
91,Brown Rice and Vegetable Pilaf,2H,30M,2H30M,character(0),Brown Rice,"c(""Rice"", ""Vegetable"", ""Weeknight"", ""< 4 Hours"")","c(""1 1/2"", ""3"", ""3"", ""1/2"", ""1/2"", ""1/2"", ""5"", ""1"", ""1"", ""1"", ""1"", ""1 1/2"", ""2"", ""3/4"")","c(""brown rice"", ""chicken broth"", ""unsalted butter"", ""oregano"", ""marjoram"", ""summer savory"", ""unsalted butter"", ""celery"", ""fresh snow pea"", ""broccoli floret"", ""green onion"", ""lemons"", ""coconut"")",412.6,24.4,16.3,40.7,410.7,42.1,4.4,2.7,8.1,6,NA,"c(""Preheat oven to 325 degrees F."", ""Heat chicken broth to boiling."", ""Combine broth   with brown rice, butter, oregano, marjoram, and summery  savory in 3 quart  casserole and bake, covered, for 1-1/2 hours or until  rice is tender."", ""Keep  hot.   Melt butter in large skillet or dutch oven."", ""Add celery, snow peas,  broccoli, green onion, and ginger and stir fry until crisp-tender."", ""Add  vegetables, lemon rind, and toasted coconut to rice.  Toss lightly  to combine.  Adjust seasonings."")"
92,Brown Bag Apple Salad,NA,10M,10M,character(0),Oranges,"c(""Apple"", ""Berries"", ""Grapes"", ""Citrus"", ""Fruit"", ""Nuts"", ""Lactose Free"", ""Low Protein"", ""Low Cholesterol"", ""Egg Free"", ""Healthy"", ""Kosher"", ""Free Of..."", ""Sweet"", ""< 15 Mins"", ""Easy"")","c(""1/2"", ""1"", ""1"", ""1"", ""1"", ""1/4"", ""1"")","c(""oranges"", ""grapefruit juice"", ""seedless grapes"", ""honey"", ""oranges"", ""grapefruit section"", ""lemon juice"", ""lime juice"", ""walnuts"", ""apple"")",141.4,5,0.5,0,1.5,25.4,3.3,20.6,2.1,4,NA,"c(""In medium-size bowl, stir together orange juice, honey and lemon juice."", ""Add apples, grapes, orange sections and walnuts; toss to coat with juice mixture."", ""Refrigerate or pack into individual containers for lunches and snacks."")"
93,Blue Stuffed Mushrooms,NA,15M,15M,character(0),Free Of...,"c(""< 15 Mins"", ""Easy"")","c(""4"", ""4"", ""1"", ""14"", ""14"", ""14"")","c(""blue cheese"", ""cream cheese"", ""half-and-half"", ""mushrooms"", ""pecan halves"", ""fresh basil leaves"")",246.3,22.2,12.1,53.8,482.8,3.5,0.9,1,9.9,4,NA,"c(""In a medium bowl, combine the blue cheese and the cream cheese."", ""Beat them together with an electric mixer so that they are smooth."", ""Add the half & half and beat it in so that the mixture is fluffy."", ""Fill the mushroom caps with the cheese mixture."", ""Top each with a pecan half and a basil leaf."")"
94,Blueberry Buttertarts,25M,15M,40M,character(0),Dessert,"c(""Berries"", ""Fruit"", ""< 60 Mins"", ""Oven"")","c(""12"", ""1"", ""1/2"", ""1"", ""3/4"", ""1/3"", ""1"", ""1 1/2"")","c(""egg"", ""corn syrup"", ""lemon juice"", ""vanilla"", ""brown sugar"", ""all-purpose flour"", ""blueberries"")",337.9,18.4,4.7,17.6,125.7,40.2,1.2,11.5,4.2,12,12 tarts,"c(""Preheat oven to 375F."", ""Leave shells in foil cups and place on a baking sheet. In  large bowl, whisk egg with syrup, juice and vanilla."", ""In another bowl, stir sugar with flour."", ""Divide berries among shells."", ""Pour in egg mixture, filling each shell right to top."", ""Bake on bottom rack at 375F oven until bubbly and top is a bit  crusty, from 18-23 minutes.Tarts will firm up when cool and can be refrigerated  2 days."")"
96,Calzone,6M,35M,41M,character(0),Pork,"c(""Meat"", ""European"", ""< 60 Mins"", ""Oven"")","c(""1"", ""1"", ""1"", ""1"", ""2"", NA, ""3"", ""2 1/4"", ""1 1/2"")","c(""tomato sauce with onion"", ""basil leaves"", ""oregano leaves"", ""Italian pork sausage"", ""water"", ""olive oil"", ""mozzarella cheese"", ""romano cheese"", ""parmesan cheese"")",622.8,50.6,21.5,125.9,1504.2,8.9,1.2,0.9,33.1,4,2 Calzones,"c(""Open rolls and let stand until they reach room temperature. Heat tomato sauce  with basil and oregano; set aside. Simmer sausages in water to cover for 20  minutes; drain, cool, remove the casings and slice thinly."", ""For each Calzone,  compress half the rolls into a flat cake and roll on a floured board to make an  11-inch diameter circle. Brush lightly with oil and spread half the tomato sauce over half the dough circle to within 1/2 inch of edge. Top sauce with half the  sausage; sprinkle with half the Mozzarella cheese and Romano cheese. Fold plain  half over filling to within 1/4 inch of opposite edge. Roll bottom edge up over  top edge; pinch or crimp together to seal."", 
""Brush with oil."", ""Repeat to make second Calzone. Transfer both Calzones with a wide spatula to a greased baking sheet,  placing slightly apart. Pierce tops in a few places with a fork."", ""Bake in a 500  degrees oven for 6 minutes or until golden brown."", ""*Any brand of biscuits refrigerated dough may be substituted."")"
97,"Capsicum, Tomato and Crunchy Bread Salad",40M,1H10M,1H50M,character(0),Low Protein,"c(""Low Cholesterol"", ""Weeknight"", ""< 4 Hours"")","c(NA, ""1"", ""9"", ""1/4"", ""2"", ""2"", ""1"", ""1"", ""1"", ""2"", ""1/3"")","c(""garlic"", ""egg tomatoes"", ""olive oil"", ""olive oil"", ""red capsicums"", ""yellow capsicum"", ""fresh basil leaf"", ""red wine vinegar"", ""brown sugar"", ""olive oil"")",283.9,26,3.6,0,11.1,12.4,3.2,7.4,2.3,6,NA,"c(""DRESSING:Separate garlic bulbs into cloves, don't peel."", ""Combine garlic, tomatoes and oil in baking dish."", ""Bake uncovered, in moderately hot oven about 30 minutes, or until tomatoes are soft, gently turning tomato occasionally; cool."", ""Reserve garlic for the dressing."", ""Cut bread into 2 cm squares, combine in a bowl with extra olive oil; mix well."", ""Place bread in single layer on oven tray, toast in moderate oven about 10 minutes."", ""Quarter capsicums, remove seeds and membranes."", ""Grill capsicums, skin side up, until skin blisters and blackens."", 
""Peel away skin, slice capsicums into thick strips."", ""Combine tomatoes, capsicums, basil in a large bowl; toss gently."", ""Add crunchy bread to salad just before serving."", ""DRESSING Squeeze pulp from garlic.  Blend with vinegar and sugar until smooth."", ""Add oil gradually in a thin stream while motor is running."", ""Blend until thick."")"
100,Bread Pudding with Jack Daniels Sauce,1H52M,50M,2H42M,character(0),Dessert,"c(""Weeknight"", ""Oven"", ""< 4 Hours"")","c(""1"", ""1 1/3"", ""3"", ""4"", ""1/4"", ""2/3"", ""2"", NA, ""1/2"", ""1/3"", ""1/4"", ""1/4"", ""1/4"", ""1"", NA, NA)","c(""milk"", ""eggs"", ""evaporated milk"", ""butter"", ""sugar"", ""vanilla"", ""nutmeg"", ""cinnamon"", ""butter"", ""sugar"", ""water"", ""butter"", ""sugar"", ""water"")",517.6,25.4,14.7,130.4,521.2,55.5,1.4,25.6,9.2,8,NA,"c(""Cube bread."", ""Set aside in a large mixing bowl."", ""Combine all ingredients exce butter."", ""Mix well and pour over bread."", ""Soak bread in milk mixture for 15 minutes."", ""Pour into a 13x9 buttered pan."", ""Top bread mixture, with cut up butter."", ""Bake at 325 for 60-90 minutes or until pudding mixture has risen 1 inch."", ""Serve warm Sauce over bread pudding."", ""Sauce"", ""combine ingredients and add sugar and water until dissolved."", ""Add butter, and simmer until melted."", ""Cook over high heat of 2 minutes."", 
""Add Jack Daniels, and simmer for 3-5 minutes."")"
104,Cheeseburger Casserole,25M,15M,40M,"c(""https://img.sndimg.com/food/image/upload/w_555,h_416,c_fit,fl_progressive,q_95/v1/img/recipes/10/4/picP5Bk3R.jpg"", ""https://img.sndimg.com/food/image/upload/w_555,h_416,c_fit,fl_progressive,q_95/v1/img/recipes/10/4/pic7l8Eud.jpg"", ""https://img.sndimg.com/food/image/upload/w_555,h_416,c_fit,fl_progressive,q_95/v1/img/recipes/10/4/picacxtDK.jpg"", ""https://img.sndimg.com/food/image/upload/w_555,h_416,c_fit,fl_progressive,q_95/v1/img/recipes/10/4/picdIpfbV.jpg"", ""https://img.sndimg.com/food/image/upload/w_555,h_416,c_fit,fl_progressive,q_95/v1/img/recipes/10/4/pic8kCDB4.jpg"", 
""https://img.sndimg.com/food/image/upload/w_555,h_416,c_fit,fl_progressive,q_95/v1/img/recipes/10/4/picqFCjkj.jpg"")",Cheese,"c(""Meat"", ""< 60 Mins"", ""Oven"")","c(""1 1/2"", ""1 -2"", ""1/4"", ""1"", ""1/2"", ""1"", ""1/8"", ""1"", ""1"")","c(""flour"", ""ground beef"", ""onion"", ""tomato sauce"", ""ketchup"", ""salt"", ""pepper"", ""cheddar cheese"")",543.5,29.2,11.3,71.9,1795.1,44.8,1.5,12.6,25.5,6,NA,"c(""Combine ground beef and flour in skillet. Add onion and brown."", ""Pour off drippings."", ""Add tomato sauce, ketchup, salt and pepper."", ""Pour into 1 1/2-quart casserole dish."", ""Bake for 10 minutes at 425°F."", ""Top with cheese and biscuits."", ""Bake for 10-15 minutes longer."")"
105,Caputo's Halibut With Mint and Balsamic Vinegar,NA,10M,10M,character(0),Halibut,"c(""Very Low Carbs"", ""High Protein"", ""Free Of..."", ""High In..."", ""< 15 Mins"", ""Easy"")","c(""4"", ""1/4"", ""1/4"", ""8"", ""1"", NA)","c(""halibut steaks"", ""extra virgin olive oil"", ""mint leaves"", ""garlic clove"")",505.8,18.9,3.1,199.9,281.5,3,0,2.4,75.8,4,NA,"c(""Brush both sides of the fish with some of the olive oil and place on hot grill, barbecue or hot skillet."", ""Cook 2 to 3 minutes on each side or until  fish is done."", ""In another pan, heat the remaining oil, balsamic vinegar and the mint until just warm."", ""Just before serving, add the garlic to the sauce and spoon over the fish."")"
106,Cajun Beef Burgers,50M,40M,1H30M,character(0),Meat,"c(""Cajun"", ""Weeknight"", ""< 4 Hours"")","c(""1"", ""1/4"", ""1/8"", ""1"", ""4"", ""2 -4"", ""2"", ""1"", ""1/2"", ""1"", ""1/2"")","c(""beef"", ""black pepper"", ""fresh parsley"", ""Spanish onion"", ""salt"", ""cajun-style stewed tomatoes"", ""dried thyme leaves"")",1012.8,88.5,34.8,112.4,1000,38.5,3.4,4.3,15.9,4,NA,"c(""To make sauce: In large saucepan, heat oil over medium heat until hot. Add onion and salt; cook and stir over low heat 10 minutes."", ""Add tomatoes and thyme; bring  to a broil."", ""Reduce heat; simmer 8 to 10 minutes or until sauce thickens  slightly."", ""Meanwhile shape ground beef into four 1/2-inch thick patties."", ""Sprinkle both sides of patties with black pepper and red pepper; brush lightly with 1  teaspoon oil."", ""Heat large heavy nonstick skillet over medium heat 5 minutes."", ""Place patties in skillet; panbroil 10 to 12 minutes or until centers are no  longer pink, turning once. Spoon approx."", 
""1/2 of sauce onto bottom halves or  rolls; top with patties."", ""Spoon remaining sauce over patties; sprinkle with  parsley."", ""Close with roll tops."", ""Serve immediately."", ""Makes 4 servings (serving size: 1 sandwich). Tip: Mexican-style stewed tomatoes may be substituted for Cajun-style. To grill, place patties on grid over medium, ash-covered coals."", ""Grill uncovered, 11 to 13 minutes or until centers are no longer pink, turning once."")"
108,Buttermilk Pie in Cornmeal Pastry,40M,1H,1H40M,character(0),Pie,"c(""Dessert"", ""Weeknight"", ""Oven"", ""< 4 Hours"")","c(""1"", ""1/2"", ""1/2"", ""1/2"", ""1/2"", ""1/4"", ""3"", ""1"", ""1"", ""1/4"", ""2"", ""1/4"", ""2"", ""3"", ""1 -2"", ""1/2"")","c(""flour"", ""salt"", ""cornmeal"", ""shortening"", ""cheddar cheese"", ""water"", ""eggs"", ""sugar"", ""butter"", ""flour"", ""buttermilk"", ""lemon zest"", ""lemon juice"", ""sugar"")",459,19.4,6.6,83.4,323.9,61.8,1.1,40.8,10.6,8,NA,"c(""For Pastry: Sift together flour and salt; stir in cornmeal."", ""Cut in shortening until mixture resembles fine crumbs."", ""Stir in grated Cheddar cheese; sprinkle water over mixture gradually, mixing lightly with fork."", ""Shape into ball; flatten on lightly floured surface. Roll to about 1/8\"" thickness."", ""Line 9\"" pie pan; trim and flute edge. Fill and bake as directed below."", ""For Filling: Separate 3 eggs and set whites aside for use in meringue."", ""Beat yolks, adding sugar gradually."", ""Cut butter into flour; add buttermilk, lemon peel and juice. Fold in yolks."", 
""Pour into 9\"" Cornmeal Pie Shell."", ""Bake in hot oven (425°F) 10 minutes; reduce temperature to 350°F and bake 20 to 25 minutes."", ""Cool."", ""To make meringue: Beat 4-5 egg whites in a large bowl with electric mixer on high, until foamy. Gradually add sugar, beating until stiff peaks form. (Amount of sugar actually used will depend on the humidity in the air)."", ""Pile meringue lightly over cooled Butterrmilk filling."", ""Bake in moderate oven (350°F.) 12 to 15 minutes."")"
109,Butterflied Lamb with Garlic Butter,4H15M,45M,5H,"c(""https://img.sndimg.com/food/image/upload/w_555,h_416,c_fit,fl_progressive,q_95/v1/img/recipes/10/9/picnSlN8g.jpg"", ""https://img.sndimg.com/food/image/upload/w_555,h_416,c_fit,fl_progressive,q_95/v1/img/recipes/10/9/picHIRziT.jpg"")",Lamb/Sheep,"c(""Meat"", ""High Protein"", ""High In..."", ""Weeknight"", ""Oven"")","c(""2"", ""1/4"", ""1"", ""1"", ""4"", ""1"", ""90"", ""1/4"", ""1"", ""250"", ""2"")","c(""lamb"", ""parsley"", ""fresh thyme"", ""lemon, rind of"", ""garlic"", ""cracked black pepper"", ""butter"", ""lemon juice"", ""small potato"", ""shallots"", ""olive oil"")",1194.6,74.8,33,312.1,348.1,52.7,8,7.7,75.9,4,NA,"c(""Open lamb out flat, place the fat-side down on a board.  Using a meat mallet or  rolling pin pound the lamb to even thickness."", ""Combine herbs, rind, garlic,  pepper and butter in a small bowl; spread the mixture over the fat-side of the  lamb."", ""Place lamb in a large shallow dish, drizzle the juice over.  Cover,  refrigerate 3 hours or overnight."", ""Place the potatoes and onions in a large  roasting dish; drizzle with oil.  Bake uncovered, in a moderately hot oven 20  minutes."", ""Place lamb, fat-side up, over the vegetables in the roasting dish.  Bake uncovered in moderately hot oven about 40 minutes or until lamb doneness as  desired."", 
""Remove the lamb from the dish, cover loosely with foil to keep warm."", ""Drain the excess juices from the pan, bake potatoes and onions in a very hot  oven another 15 minutes or until crisp."", ""Slice lamb and serve with the  vegetables."")"
110,Borsch,NA,1H,1H,character(0),Very Low Carbs,"c(""Low Protein"", ""Low Cholesterol"", ""Healthy"", ""< 60 Mins"", ""Easy"")","c(""6 -8"", ""8"", ""1"", ""1"", NA)","c(""beets"", ""water"", ""fresh dill"", ""sour cream"")",48,0.3,0.1,0,168.7,10.8,1.8,8,1.7,4,NA,"c(""Scrub well beets (DO NOT PEEL THEM)  Put in large pot with 8 cups water."", ""Bring  to boil and then reduce to  simmer and cook until tender."", ""(SAVE COOKING BEET  WATER). When tender take slotted spoon and put beets immediately into cold  water."", ""Slip skins off with your hands."", ""If you have a cuisinart, chop beets into tiny pieces."", ""If no cuisinart, then you will have to chop the beets up by hand."", ""Put chopped beets into pot, add fresh dill, chopped, 1 can Campbell's Tomato  Zest soup (undiluted) and 6 cups of the cooking beet water."", 
""If you want a  thinner borscht use a little more of the beet water."", ""Stir well."", ""Serve with 1  tbsp.  sour cream per individual serving."", ""Add salt to your own taste.  I don't  use any salt.  ENJOY!"")"
112,Chicken and Broccoli Lasagna,55M,15M,1H10M,character(0),Chicken,"c(""Poultry"", ""Vegetable"", ""Meat"", ""European"", ""Potluck"", ""Weeknight"", ""Oven"", ""< 4 Hours"")","c(""4"", ""4"", ""2"", ""1"", ""3"", ""1/2"", NA, ""2"", ""1"", ""1"", ""1 1/2"", ""2"", ""1/4"", ""2"", ""1/4"", ""1/2"", ""1"", ""1"")","c(""butter"", ""flour"", ""milk"", ""chicken broth"", ""eggs"", ""parmesan cheese"", ""butter"", ""onion"", ""garlic"", ""chicken"", ""broccoli"", ""parsley"", ""mozzarella cheese"", ""parmesan cheese"", ""salt"", ""nutmeg"")",270.1,19.6,11.4,125.4,610.2,9.7,0.9,1.7,14.4,9,NA,"c(""Sauce: Melt butter, stir in flour.  Add milk, whisk until smooth.  Stir in broth.  Cook, stirring constantly, until thick."", ""Beat eggs in   separate bowl, add small amount of sauce; then combine egg mix with   all sauce. Stir in cheese and seasonings."", ""Cook noodles."", ""Saute chicken in butter with onion and garlic. Stir in broccoli, cook 5 min.  until tender.  Add seasonings."", ""Layer in 9 x 13 pan: sauce, mozzarella, noodles, chicken."", ""Repeat. Finish with cheese."", ""Freeze. Bake 350 for 50 min, until bubbly.""
)"
113,Carrot Ginger Biscuits,15M,35M,50M,character(0),Breads,"c(""Low Cholesterol"", ""Healthy"", ""< 60 Mins"", ""Oven"")","c(""1 1/2"", ""1/2"", ""1 1/2"", ""1 1/2"", ""1 1/2"", ""1/2"", ""1/2"", ""2"", ""2"", ""2"")","c(""all-purpose flour"", ""whole wheat flour"", ""baking powder"", ""baking soda"", ""ginger"", ""salt"", ""carrot"", ""plain low-fat yogurt"", ""canola oil"", ""honey"")",127,3.3,0.6,2.5,332.4,20.2,1.1,4.2,4.5,12,NA,"c(""Preheat oven to 450."", ""In a large bowl, stir together the all-purpose flour and  whole wheat flour, baking powder and baking soda, ginger and salt.  In a small  bowl, stir together the carrot, yogurt, oil and honey."", ""Add carrot mixture to  dry ingredients and stir until just combined."", ""Place the dough on a well-floured surface.  Using a lightly floured rolling pin, roll out the dough until 1/2\"" thick."", ""Using a 2 1/4\"" biscuit cutter or glass ,  cut out rounds, gently rerolling the scraps, to form 12 biscuits."", 
""Place the  biscuits on an ungreased baking sheet, spacing them 1\"" apart.  Bake for 12 to 15 minutes or until golden."", ""Serve warm."")"
114,Chicken Breasts Saltimbocca,6H,1H,7H,"c(""https://img.sndimg.com/food/image/upload/w_555,h_416,c_fit,fl_progressive,q_95/v1/img/recipes/11/4/picn5ling.jpg"", ""https://img.sndimg.com/food/image/upload/w_555,h_416,c_fit,fl_progressive,q_95/v1/img/recipes/11/4/pickW002f.jpg"", ""https://img.sndimg.com/food/image/upload/w_555,h_416,c_fit,fl_progressive,q_95/v1/img/recipes/11/4/pic6wVin0.jpg"")",Chicken Breast,"c(""Chicken"", ""Poultry"", ""Meat"", ""European"", ""Weeknight"")","c(""6"", ""6"", ""6"", ""1/4"", ""1/4"", ""1"", ""1/2"", ""1/4"", ""1/3"", ""1"", ""1/2"", ""1/4"", ""1/4"", NA)","c(""boneless skinless chicken breast halves"", ""ham slices"", ""swiss cheese"", ""all-purpose flour"", ""parmesan cheese"", ""salt"", ""dried sage"", ""pepper"", ""dry white wine"", ""cornstarch"", ""water"", ""rice"")",511.9,29.5,9.6,124.9,1357.2,15.8,0.6,0.9,40.6,6,NA,"c(""Pound chicken breast halves until thin between  two sheets of waxed paper or  foil."", ""Place a slice of ham and cheese on each chicken piece.  Roll up and tuck  ends in; secure with small skewers or  wooden picks."", ""Combine flour, Parmesan  cheese, salt, sage and pepper in a shallow bowl."", ""Coat chicken rolls in flour  mixture.  Refrigerate chicken at least 1 hour."", ""In a large skillet, heat oil  over medium heat.  Add chicken rolls and cook, turning, until browned on all  sides."", ""Place browned chicken in a slow cooker."", 
""Combine soup and wine and pour  over chicken rolls."", ""Cover and cook on LOW 4 to 5 hours or until chicken is  tender."", ""Turn control to HIGH."", ""In a small bowl, dissolve cornstarch in water;  stir into cooking juices in cooker."", ""Cover and cook on HIGH 10 minutes."", ""Serve  with hot rice."")"
115,A New Spaghetti with Clams,20M,20M,40M,character(0),Spaghetti,"c(""European"", ""< 60 Mins"")","c(""36"", ""1"", ""3"", ""1"", ""1/4"", ""1/2"", ""1"", ""1"", ""8"", ""1/2"")","c(""littleneck clams"", ""extra virgin olive oil"", ""garlic"", ""Canadian bacon"", ""smoked ham"", ""dry white vermouth"", ""dry white wine"", ""bottled clam broth"", ""baking potato"", ""spaghetti"", ""flat leaf parsley"")",1536.7,24.4,3.7,200,1258.3,214.9,10,5.4,106.8,1,NA,"c(""Bring 4 quarts of water to a boil in a large pot for cooking pasta."", ""Scrub"", ""the clam shells under cold water with a stiff bristle brush."", ""Heat the olive oil in a large nonstick skillet. Add the garlic and cook over a medium heat until fragrant but not brown, about 1 minute. Stir in the bacon and pepper flakes and cook for 1 minute. Add vermouth and bring to a boil."", ""Add the clam broth, and bring to a boil."", ""Stir in the potatoes and clams, tightly cover the pan, and cook until the shells open and the potatoes are tender, about 8 minutes."", 
""Cook the spaghetti in the boiling water until al dente, about 8 minutes."", ""Drain the pasta in a colander."", ""Stir it into the sauce and cook until thoroughly heated and coated with sauce, about 2 minutes."", ""Stir in the parsley and serve at once."")"
116,Blueberry Scones,22M,55M,1H17M,"c(""https://img.sndimg.com/food/image/upload/w_555,h_416,c_fit,fl_progressive,q_95/v1/img/recipes/11/6/3VsX300jTOOiZyIg6oV2_blueberry-scones-3.jpg"", ""https://img.sndimg.com/food/image/upload/w_555,h_416,c_fit,fl_progressive,q_95/v1/img/recipes/11/6/Pdw8MwSBSeSeIjtGzdEn_IMG_3687.JPG"", ""https://img.sndimg.com/food/image/upload/w_555,h_416,c_fit,fl_progressive,q_95/v1/img/recipes/11/6/29KUHClS4CNI0qz1BanJ_FB6A1B91-56B2-442D-B7CE-0DC70CA05C81.jpeg"", ""https://img.sndimg.com/food/image/upload/v1/img/feed/116/YO6JtCb3TemvhHvh9bi5_image.jpg"", 
""https://img.sndimg.com/food/image/upload/w_555,h_416,c_fit,fl_progressive,q_95/v1/img/recipes/11/6/a7WQtWyRf6AkQ7YGBZoR_DSC_1135.JPG"", ""https://img.sndimg.com/food/image/upload/w_555,h_416,c_fit,fl_progressive,q_95/v1/img/recipes/11/6/7qrKeQQh263RVQAjQRsg_image.jpg"", ""https://img.sndimg.com/food/image/upload/w_555,h_416,c_fit,fl_progressive,q_95/v1/img/recipes/11/6/01496581463.jpeg"", ""https://img.sndimg.com/food/image/upload/w_555,h_416,c_fit,fl_progressive,q_95/v1/img/recipes/11/6/QbZXDx15QvmTEZcJFsDJ_blueberry-scones-4.jpg"", 
""https://img.sndimg.com/food/image/upload/w_555,h_416,c_fit,fl_progressive,q_95/v1/img/recipes/11/6/L1y2uQxRc23Shd4MqRhn_blueberry-scones-2.jpg"", ""https://img.sndimg.com/food/image/upload/w_555,h_416,c_fit,fl_progressive,q_95/v1/img/recipes/11/6/picxvhWQW.jpg"", ""https://img.sndimg.com/food/image/upload/w_555,h_416,c_fit,fl_progressive,q_95/v1/img/recipes/11/6/picI1PiFQ.jpg"", ""https://img.sndimg.com/food/image/upload/w_555,h_416,c_fit,fl_progressive,q_95/v1/img/recipes/11/6/picq9Ryom.jpg"")",Scones,"c(""Quick Breads"", ""Breads"", ""Berries"", ""Fruit"", ""Sweet"", ""Weeknight"", ""Oven"", ""< 4 Hours"")","c(""2"", ""3"", ""1"", ""3/4"", ""6"", ""1 1/2"", ""1"", ""1/3"", ""2"")","c(""all-purpose flour"", ""sugar"", ""baking powder"", ""salt"", ""unsalted butter"", ""fresh blueberries"", ""lemon, zest of"", ""heavy cream"", ""eggs"")",277.3,13.9,8.2,83,377.8,33.4,1.5,7.6,5.3,8,NA,"c(""Adjust rack to center of oven, and heat to 400 degrees."", ""Place a Silpat baking mat on a baking sheet, and set aside. In a large bowl, sift together flour, 3 tablespoons sugar, baking powder, and salt. Using a pastry blender, or two knives, cut in butter until the largest pieces are the size of small peas."", ""Stir in blueberries and zest. Using a fork, whisk together cream and egg in a liquid measuring cup."", ""Make a well in the center of dry ingredients and pour in cream mixture. Stir lightly with fork just until dough comes together."", 
""Turn out onto a lightly floured surface, and knead a few times to mix well."", ""Pat dough into a 6-inch square about 1 1/4 inches thick."", ""Using a floured knife, cut into four 3-inch squares."", ""Cut squares in half on the diagonal to form eight triangles."", ""Transfer to prepared baking sheet. Brush tops with cream and sprinkle with sugar."", ""Bake until golden brown, 20 to 22 minutes."", ""Transfer scones from baking sheet to wire racks to cool."")"
117,Blueberry Cookies,15M,4H,4H15M,"""https://img.sndimg.com/food/image/upload/w_555,h_416,c_fit,fl_progressive,q_95/v1/img/recipes/11/7/picDf97kf.jpg""",Drop Cookies,"c(""Dessert"", ""Cookie & Brownie"", ""Berries"", ""Fruit"", ""Weeknight"", ""For Large Groups"", ""Oven"")","c(""2"", ""2"", ""1/2"", ""1/2"", ""1"", ""1"", ""1/4"", ""1"", ""1 1/2"", ""1"")","c(""flour"", ""baking powder"", ""salt"", ""vegetable shortening"", ""sugar"", ""egg"", ""milk"", ""lemon zest"", ""blueberries"")",58.4,2.4,0.7,4.6,41.6,8.7,0.2,4.5,0.7,48,NA,"c(""Combine flour, baking powder and salt."", ""In a large bowl, cream the shortening and  sugar."", ""Beat in the egg."", ""Beat in the milk, almond extract and lemon rind."", ""Gradually blend in the dry ingredients."", ""Fold in the blueberries."", ""Cover and chill for at least 4 hours.Preheat oven to 375°."", ""Drop dough by spoonfuls about  1-inch apart onto ungreased cookie sheets."", ""Bake for 12-15 minutes, until pale golden."", ""Transfer to wire racks to cool."", ""NOTES: Canned or frozen blueberries can be used, but fresh gives the best results.""
)"
118,Abby's Pecan Apple Cake,1H10M,20M,1H30M,"""https://img.sndimg.com/food/image/upload/w_555,h_416,c_fit,fl_progressive,q_95/v1/img/recipes/11/8/pic1UgDNm.jpg""",Dessert,"c(""Apple"", ""Fruit"", ""Nuts"", ""Weeknight"", ""Oven"", ""< 4 Hours"")","c(""2"", ""1 1/2"", ""1/2"", ""1/2"", ""1 1/2"", ""3"", ""1/2"", ""2"", ""1/3"", ""2"", ""2"", ""2"", ""1 1/2"", ""1 1/2"", ""1 1/2"")","c(""butter"", ""sugar"", ""cinnamon"", ""nutmeg"", ""all-purpose flour"", ""tart apples"", ""butter"", ""eggs"", ""milk"", ""rum"", ""vanilla extract"", ""pecans"", ""baking powder"", ""baking soda"", ""salt"")",357.2,15.1,8,74,692.7,51.3,1.9,34.7,4,10,NA,"c(""* , such as Granny Smith, peeled, halved, and sliced (3 cups)  Preheat the oven to 350 degrees."", ""Brush the sides of a 8 x 3 1/4-inch  springform pan with the melted butter."", ""Mix together 1/2 cup sugar, cinnamon,  nutmeg, and 1/4 cup flour and sprinkle the mixture evenly over the bottom of  the pan."", ""Wrap foil around the pan to prevent leakage. Starting at the outside  edge, arrange a ring of apple slices in the pan, slightly overlapping and  pointing to the center."", ""(It will feel backwards.) Fill in the center with  another circle of apples, with some overlap occurring."", 
""Layer any remaining  apple slices evenly, overlapping to prevent the batter from escaping."", ""With a  wooden spoon or electric mixer, beat together the butter and 1 cup sugar."", ""Add  the eggs, milk, rum, and vanilla."", ""The batter will look curdled."", ""Add 1 1/4  cups flour, the nuts, baking powder, baking soda, and salt, beating only  until the flour is completely incorporated."", ""Pour the batter over the apples  and spread evenly."", ""Place the pan on a baking sheet and bake in the middle of  the oven until a toothpick inserted in the cake comes out clean, about 70  minutes."", 
""Cover with a piece of foil if the top begins to brown too quickly."", ""Let the cake rest in the pan on a rack for 5 minutes, then, using a small,  flexible knife, gently separate the sides of the cake from the pan."", ""Invert  the cake on the rack, letting it stay in the pan for another 10 minutes, then  remove the pan, lifting it up carefully."")"
119,Carrot & Tahini Sandwich,NA,15M,15M,character(0),Lunch/Snacks,"c(""Vegan"", ""< 15 Mins"", ""Easy"")","c(""1"", ""1 -2"", ""1"", NA, NA)","c(""carrot"", ""tahini sesame butter"", ""tofunaise"", ""mayonnaise"", ""raisins"")",110.5,7.3,1,0,53.2,9.8,3.1,2.9,3.2,1,NA,"c(""In small bowl, combine all ingredients."", ""Use as sandwich filling or spread."")"
120,Carrot Cake II,1H,15M,1H15M,character(0),Dessert,"c(""Vegetable"", ""Weeknight"", ""Oven"", ""< 4 Hours"")","c(""1"", ""4"", ""2"", ""3"", ""1/2"", ""2"", ""2"", ""2"", ""1/2"", ""1 1/2"", ""1"", ""1"", ""4"", ""2"")","c(""carrot"", ""eggs"", ""sugar"", ""all-purpose flour"", ""salt"", ""baking powder"", ""baking soda"", ""cinnamon"", ""walnuts"", ""cream cheese"", ""sugar"", ""unsalted butter"", ""real vanilla"")",1173.5,69.8,19.4,154.7,720.2,129.9,3.7,89.4,11.5,8,NA,"c(""Preheat oven to 325°."", ""Add 1 egg at a time to the grated carrots until all 4 have been added."", ""Beat after each egg  Add the oil and mix."", ""Then sift all of the dry ingredients together and add it to the oil, egg, and carrot mixture in 4 parts, beating after each addition."", ""Next, add the walnuts and mix well."", ""Pour into a greased/floured tube pan."", ""Bake for 1 hour at 325°, or or when a tooth pick is inserted into the cake and it comes out clean."", ""FOR THE ICING: Soften butter and cheese. Blend well and then add the sugar and vanilla."", 
""Beat until smooth and creamy."", ""Frost only after cake is cooled."")"
121,Lamb and Pork Cassoulet,1H,15M,1H15M,character(0),Lamb/Sheep,"c(""Pork"", ""Meat"", ""European"", ""Weeknight"", ""Roast"", ""Oven"", ""< 4 Hours"")","c(""1"", ""1"", ""1"", ""1"", ""1/2"", ""1/4"", ""1"", ""1"", ""1"", ""1"")","c(""cannellini beans"", ""ketchup"", ""chili powder"", ""thyme"", ""water"", ""bacon bits"", ""lamb chop"", ""onion"")",584.9,30.3,9.9,104.7,838.4,36.7,12.4,7.2,40.5,2,NA,"c(""Saute onion and garlic in oil."", ""Add lamb and pork."", ""Saute 5 minutes until cooked  though."", ""Combine everything in a small deep oven safe dish."", ""Bake uncovered 350   30 minutes."", ""HINTS: for those who like more beans & less meat Add another can of beans & half as much meat. Just use a tad more water."", ""If you liked it or hated it please let me know -- ."")"
122,Commissary Carrot Cake,1H55M,2H5M,4H,character(0),Dessert,"c(""Vegetable"", ""Low Protein"", ""Weeknight"", ""For Large Groups"", ""Oven"", ""< 4 Hours"")","c(""1 1/2"", ""1/4"", ""3/4"", ""1 1/2"", ""6"", ""1 1/4"", ""2"", ""1 1/4"", ""2"", ""2"", ""2"", ""2"", ""1"", ""4"", ""4"", ""1"", ""1"", NA, ""8"", ""8"", ""1"", ""1"", ""4"")","c(""sugar"", ""flour"", ""salt"", ""heavy cream"", ""unsalted butter"", ""pecans"", ""vanilla"", ""sugar"", ""flour"", ""cinnamon"", ""baking powder"", ""salt"", ""eggs"", ""carrots"", ""pecans"", ""raisins"", ""unsalted butter"", ""cream cheese"", ""powdered sugar"", ""vanilla extract"", ""coconut"")",1011.8,67.4,28.3,146,401.4,101.3,4.5,80.1,7.4,16,NA,"c(""In a heavy saucepan,blend well the flour,sugar and salt.  Gradually stir in the cream."", ""Add the butter."", ""Cook and stir the mixture over a  low heat until the butter has melted, then let simmer for 20-30 minutes until  golden brown in color, stirring occasionally."", ""Cool to lukewarm."", ""Stir in the  nuts and vanilla."", ""Let cool and refrigerate, preferably overnight.  If too thick  to spread, bring to room temperature before using."", ""Carrot Cake Preheat oven to 350 F."", ""Have ready a greased and floured 10\"" tube  cake pan."", 
""In a large bowl Whisk together the corn oil and sugar."", ""Sift together  the flour, cinnamon,baking powder, baking soda and salt. Sift half the dry  ingredients into the sugar-oil mixture and blend."", ""Alternately, sift in the rest of the dry ingredients while adding the eggs, one by one.  Combine well."", ""Add  the carrots, raisins, and pecans."", ""Pour into the prepared tube pan and bake for  70 minutes."", ""Cool upright on a cooling rack  If you fare not using the cake that day it can be removed from the pan,wrapped in plastic and stored at room temp."", 
""Cheese Cream Filling Cream the butter well."", ""Add the cream cheese and beat until  blended."", ""Sift in the sugar and add the vanilla."", ""If it is to soft to spread,  chill a bit.Chill if not using immediately, but bring to room Temp."", ""before  spreading."", ""Assembly Preheat oven to 300 F."", ""Spread the coconut on a baking  sheet and bake for 10-15 minutes until it colors lightly."", ""Toss the coconut  occasionally  while it is baking so that it browns evenly  Cool completely."", ""Have the filling and the frosting at a spreadable consistency."", 
""Loosen the cake  in it's pan and invert onto a serving plate.  With a long serving knife,  carefully split the cake into three horizontal layers."", ""Spread the filling  between the Layers."", ""Spread the frosting over the top and sides."", ""Pat the  coconut onto the sides of the cake.  If desired, save 1/2 cup of the frosting  and color 1/2  with green food coloring 1/2 with orange, pipe on the top to form little carrots"")"
123,Carrot Maple Cheesecake,1H5M,45M,1H50M,character(0),Cheesecake,"c(""Dessert"", ""Weeknight"", ""Oven"", ""< 4 Hours"")","c(""1 1/3"", ""1/4"", ""2"", ""3"", ""1/3"", ""1/3"", ""3"", ""1/4"", ""1/4"", ""1/2"")","c(""graham crackers"", ""butter"", ""carrots"", ""light cream cheese"", ""granulated sugar"", ""maple syrup"", ""eggs"", ""water"", ""granulated sugar"", ""carrot"")",302.5,20.3,11,103,320.9,22.9,0.9,16.8,8.2,12,NA,"c(""CRUST:  Combine ingredients; mix well."", ""Press into 9 inch springform pan.  Bake in preheated 350 F oven for 10 minutes."", ""FILLING:  Simmer shredded carrots in water to cover for 5 minutes.  Drain and remove excess liquid."", ""In food processor combine carrots, cream cheese, sugar and maple syrup, process until completely smooth and evenly colored."", ""Add eggs, one at a time, and mix until just blended."", ""Pour onto crumb crust and bake at 300 F for 45 minutes or until center is almost set.  Cool to room temperature.  Refrigerate 3 hours or overnight. ."", 
""OIONAL GARNISH:  In small saucepan simmer water with sugar for 5 minutesAdd shredded carrots and simmer 5 minutes.   Drain well and scatter on top of chilled cheesecake."")"
125,Caribbean Cowpeas and Rice,NA,25M,25M,character(0),Beans,"c(""Caribbean"", ""Free Of..."", ""< 30 Mins"")","c(""1"", ""1"", ""1"", ""2"", ""1/2"", ""1"", ""1"", ""1"", ""1"", ""1/2"", ""1/2"", ""1/2"")","c(""black-eyed peas"", ""onion"", ""garlic cloves"", ""cumin"", ""thyme"", ""bay leaf"", ""long-grain rice"", ""vegetable broth"", ""tomatoes"", ""allspice"", ""salt"")",267.2,1.9,0.5,0,484.5,58.5,6.1,2,7.5,4,NA,"c(""Soak peas."", ""COmbine peas with onion, jalapeno, garlic, cumin, thyme, bay leaf and 2 cups water."", ""Boil."", ""Reduce and simmer."", ""Add rice, broth, tomato, allspice and salt."")"
126,Carnation Lean Fettuccine Alfredo,10M,30M,40M,character(0),Vegetable,"c(""Healthy"", ""< 60 Mins"")","c(""12"", ""1"", ""1"", ""2"", ""3/4"", ""4"", ""1"", ""1"", ""1"", ""1"", ""6"", ""2/3"", ""1"")","c(""fettuccine"", ""olive oil"", ""garlic"", ""milk"", ""parmesan cheese"", ""fresh dill"", ""fresh chives"", ""nutmeg"", ""salt"", ""pepper"", ""asparagus"", ""smoked salmon"", ""lemon juice"")",535.7,15.9,7.4,110.6,588.1,69.7,3.7,2.5,28.6,4,NA,"c(""In a large pot of boiling water, cook the fettuccine for 8-10 minutes until  tender but firm."", ""Drain."", ""In a non-stick skillet, heat oil and cook garlic for 30  seconds."", ""Add to drained pasta along with milk and cheese. Cook over medium heat, stirring gently for four to five minutes, until sauce is thickened."", ""Remove from  heat and let stand two to three minutes to thicken more. Stir in dill and chives and season with salt and pepper."", ""Stir in blanched  asparagus, salmon and lemon juice. Garnish each serving with more freshly grated Parmesan, if desired.""
)"
127,Caramel Rice Pudding,3H,55M,3H55M,character(0),Dessert,"c(""Short Grain Rice"", ""Rice"", ""Weeknight"", ""Oven"", ""< 4 Hours"")","c(""1/2"", ""1/3"", ""30"", ""1 1/2"", ""300"", ""1"")","c(""short-grain rice"", ""brown sugar"", ""butter"", ""milk"", ""nutmeg"")",686.8,44.2,27.6,155.3,266.5,58.2,0.8,17.9,16.1,4,NA,"c(""Wash the rice well and drain."", ""Mix with remaining ingredients and put in a buttered baking dish and bake in a slow oven 140 C for 2 - 2 1/2 hours, until rice is tender and creamy."", ""Stir every 30 minutes during cooking and add more milk if necessary."", ""When ready, the milk and cream should be a rich, caramel cream and a golden crust should have formed."", ""Serve hot or cold."", ""This can be cooked in individual dishes if wished and just eat from them."", ""You can use brown, raw or demerara sugars.""
)"
128,Caramel Apple Milkshakes,NA,25M,25M,"c(""https://img.sndimg.com/food/image/upload/w_555,h_416,c_fit,fl_progressive,q_95/v1/img/recipes/12/8/picfvdzrj.jpg"", ""https://img.sndimg.com/food/image/upload/w_555,h_416,c_fit,fl_progressive,q_95/v1/img/recipes/12/8/picQZEhmD.jpg"")",Frozen Desserts,"c(""Beverages"", ""Dessert"", ""Apple"", ""Fruit"", ""Low Protein"", ""Low Cholesterol"", ""Healthy"", ""< 30 Mins"", ""Easy"")","c(""3"", ""3/4"", ""1/2"", ""1"", ""1/4"")","c(""frozen yogurt"", ""1% low-fat milk"", ""applesauce"", ""cinnamon"")",208.7,6.5,4.2,26.4,185.3,31.2,0.9,10.9,8.3,4,NA,"c(""Place the yogurt, milk, cinnamon, and topping in a blender."", ""Cover and blend  until smooth."", ""Pour into 4 glasses."", ""Serve immediately."")"
129,Champagne Punch,NA,5M,5M,"""https://img.sndimg.com/food/image/upload/w_555,h_416,c_fit,fl_progressive,q_95/v1/img/recipes/12/9/picI35rA2.jpg""",Punch Beverage,"c(""Beverages"", ""Low Protein"", ""Low Cholesterol"", ""Healthy"", ""Free Of..."", ""Christmas"", ""< 15 Mins"", ""For Large Groups"", ""Easy"")","c(""1"", ""1"", ""1"", ""1"", ""1"")","c(""frozen limeade concentrate"", ""ginger ale"")",236.8,0.2,0,0,14.2,41.6,0.2,38.1,0.6,20,NA,"c(""Mix the juice concentrates in punch bowl (do not add water)."", ""Stir in the Gingerale then add the Champagne (do not stir after adding the champagne!)"", ""** Note ** The large bottles of Gingerale and Champagne should be equal volumes (I use 2 L.  bottles)."")"
130,Butterscotch Apple Dumpling,30M,45M,1H15M,character(0),Dessert,"c(""Apple"", ""Fruit"", ""Low Protein"", ""Healthy"", ""Weeknight"", ""Oven"", ""< 4 Hours"")","c(""2"", ""1"", ""1/8"", ""2"", ""2"", ""2"", ""1"", ""1"", ""1"", ""1 1/4"")","c(""green apples"", ""self rising flour"", ""salt"", ""sugar"", ""butter"", ""water"", ""butter"", ""brown sugar"", ""golden syrup"", ""water"")",271.6,8.9,5.5,22.9,321.8,48,1.5,33.2,1.8,8,8 dumplings,"c(""Sift flour and salt.  Add sugar.  Rub in butter, then add water and mix to a soft dough."", ""Peel and quarter apples."", ""Divide pastry into 8 equal portions."", ""Roll out each portion of pastry and wrap each around an apple quarter."", ""Place in an oven proof dish."", ""Combine sauce ingredients in saucepan and bring to boil."", ""Pour sauce over pastries in dish."", ""Bake 25-30 minutes in  a moderate oven, about 325 degrees Fahrenheit.  Serve with ice cream."")"
131,Buttermilk-Oat Bread,20M,30M,50M,character(0),Yeast Breads,"c(""Breads"", ""Low Cholesterol"", ""Healthy"", ""Bread Machine"", ""< 60 Mins"", ""For Large Groups"", ""Small Appliance"", ""Easy"")","c(""3/4"", ""1"", ""1 1/2"", ""1 3/4"", ""1/3"", ""1/2"", ""1"")","c(""buttermilk"", ""honey"", ""butter"", ""margarine"", ""bread flour"", ""rolled oats"", ""salt"", ""active dry yeast"", ""bread machine yeast"")",68.7,0.7,0.3,1.4,88.4,13.3,0.6,1.7,2.1,16,1 loaf,"c(""For toasted rolled oats, place oats in a shallow baking pan.  Bake at 350 for 15 to 20 minutes or till oats are lightly browned, stirring occasionally.   Cool."", ""Add all of the ingredients to a bread machine according to manufacturer's  directions.   Bake the bread using the regular or white setting."")"
136,Cheesecake Cupcakes with Blueberries,NA,50M,50M,character(0),Cheesecake,"c(""Dessert"", ""Berries"", ""Fruit"", ""< 60 Mins"", ""Oven"")","c(""12"", ""8"", ""1"", ""2"", ""1/2"", ""1/2"", ""1/2"", ""3"", ""1"")","c(""cream cheese"", ""sugar"", ""eggs"", ""sour cream"", ""vanilla"", ""lemon, rind of"", ""flour"", ""blueberries"")",249.5,12.7,6.5,67.9,126.4,31.1,0.5,23.7,3.8,12,NA,"c(""Heat oven to 325 degrees.Line 12 muffin cups with foil liners."", ""Place a cookie in bottom of each liner; trim cookies to fit if necessary.Beat together cream  cheese and sugar on med."", ""speed in large bowl until smooth."", ""Add eggs, beating  just until blended."", ""Beat in sour cream, vanilla and lemon rind."", ""On low speed,  beat in flour."", ""Stir in blueberries."", ""Spoon batter into cups, dividing  equally.Bake for 35-40 min., until cakes are set. Cool cakes in pan on rack for  20 min."", ""Remove cakes to rack to cool."", 
""Refrigerate.                    - - - - - - - - - - - - - - - - - -"")"
139,Chicken and Pineapple Salad With Curry Mayonnaise,1H5M,20M,1H25M,character(0),Whole Chicken,"c(""Chicken"", ""Pineapple"", ""Poultry"", ""Tropical Fruits"", ""Fruit"", ""Meat"", ""Free Of..."", ""Weeknight"", ""< 4 Hours"", ""Easy"")","c(""1"", ""1/2"", ""1"", ""4"", ""1"", ""1/4"", ""1"", ""1"", ""3/4"", ""1/4"")","c(""barbecued chicken"", ""coconut"", ""unsweetened pineapple slices"", ""spring onions"", ""curry powder"", ""five-spice powder"", ""garlic clove"", ""fresh ginger"", ""mayonnaise"", ""coconut milk"")",409.7,27.9,11.9,43.5,362.5,30.2,4.3,15.3,13.3,4,NA,"c(""CURRIED MAYONNAISE:"", ""Combine all ingredients thoroughly."", ""CHICKEN AND PINEAPPLE SALAD:"", ""Toast coconut on oven tray in moderate oven for about 5 minutes."", ""Cut chicken and pineapple into chunks; place in bowl, mix in coconut, shallots and Mayonnaise."", ""Refrigerate 1 hour before serving."", ""Serves 4."", ""Cheers,  Doreen Doreen Randal,  Wanganui."", ""New Zealand."")"
141,Carrie's Pizza Rolls,3H30M,55M,4H25M,character(0),Low Cholesterol,"c(""Healthy"", ""Weeknight"", ""Oven"")","c(""1"", ""1/2"", ""1/2"", ""4"", ""1"", ""1"", ""1"", ""1"", ""1"", ""1/2"", ""1"", ""2"", ""1"", ""1"", ""1"", ""1"")","c(""dry yeast"", ""water"", ""honey"", ""white flour"", ""water"", ""garlic clove"", ""tomatoes"", ""tomato sauce"", ""mozzarella cheese"", ""parmesan cheese"", ""romano cheese"", ""olive oil"", ""salt"", ""pepper"", ""oregano"", ""basil"")",3521.8,108.1,39,183.9,2905.4,548.4,96.2,29.7,134.2,1,NA,"c(""Dough: Dissolve yeast with honey and 1/2 cup  water; let stand 10 minutes."", ""Put 4 cups flour in large  mixing bowl; stir in oil, water and yeast mixture. Mix   thoroughly."", ""Knead 8 to 10 minutes."", ""Let dough rise 1 hour until  doubled."", ""Punch  down and roll on floured surface to about 1/2- inch."", ""Cut into rectangles about 4 x 6-inches or desired size of  pizza roll."", ""Sauce: Place all ingredients (exce  the  Mozzarella cheese) in a crock-pot and simmer on low for  about 2 hours."", 
""Let cool to room temperature. Hot sauce will  make dough soggy."", ""Rolls: Place a small amount of sauce on the  dough rectangles, spreading it to cover the entire   piece of dough."", ""Sprinkle Mozzarella cheese over half of the  dough."", ""Roll up the  dough burrito-style, sealing edges with  moistened fingers."", ""Place rolls on a  cookie sheet. Allow to rest for  about 10 minutes."", ""Bake in a hot 500 degrees  oven until  dough is golden brown."", ""Serve rolls with a side bowl of hot pizza  sauce  for dipping the pizza rolls inches."", 
""These freeze beautifully."", ""Can be   reheated in the microwave. Variations: You may wish to add slices of  mushroom,  olive, shredded beef, pepperoni slices or  whatever in addition to the  Mozzarella cheese inside the pizza roll."")"
143,Cherry Tomatoes on Provolone Garlic Bread,1H10M,35M,1H45M,"c(""https://img.sndimg.com/food/image/upload/w_555,h_416,c_fit,fl_progressive,q_95/v1/img/recipes/14/3/picBwpb8U.jpg"", ""https://img.sndimg.com/food/image/upload/w_555,h_416,c_fit,fl_progressive,q_95/v1/img/recipes/14/3/picJwZRaN.jpg"", ""https://img.sndimg.com/food/image/upload/w_555,h_416,c_fit,fl_progressive,q_95/v1/img/recipes/14/3/picxHeUf1.jpg"")",Weeknight,"""< 4 Hours""","c(""2"", ""2"", ""1/4"", ""1"", ""3"", ""1/3"", ""3"", NA, ""3"", ""3"", ""4"", ""4"", ""1/4"")","c(""cherry tomatoes"", ""scallions"", ""parsley"", ""rosemary"", ""garlic"", ""extra virgin olive oil"", ""extra virgin olive oil"", ""garlic"", ""provolone cheese"", ""parmesan cheese"")",488.6,38.6,10,24.8,483.5,23.7,2.9,7.2,13.4,4,NA,"c(""For the tomatoes, mix tomatoes, scallions, parsley, rosemary, garlic, olive oil and vinegar in a shallow bowl."", ""Season with salt and pepper."", ""Cover bowl and let tomatoes marinate at room temperature for at least 1 hour, but preferably 3-4 hours."", ""Stir occasionally to distribute seasonings."", ""For the bread, combine olive oil and garlic and let mixture stand for about 10 minutes so flavors can mingle.  Meanwhile, heat the broiler."", ""Brush one side of each bread slice with garlic and olive oil mixture and broil them oiled-side up until lightly browned."", 
""Put a slice of provolone and a generous sprinkling of Parmesan on each slice, reserving a little of the parmesan for garnish."", ""Set aside.  Just before serving, heat up broiler again and toast cheese until bubbly."", ""Serve bread in shallow bowls, spooning about 3/4 cup of tomatoes and marinade over each slice, garnishing with remaining parmesan."")"
144,Cheesy Chicken Noodle Casserole,NA,35M,35M,character(0),Chicken Breast,"c(""Chicken"", ""Poultry"", ""Meat"", ""< 60 Mins"", ""Oven"")","c(""2"", ""0.5"", ""1"", ""1/4"", ""0.5"", ""1"", ""1"", ""1/2"", ""1"")","c(""chicken breasts"", ""olive oil"", ""Velveeta cheese"", ""corn"", ""seasoning salt"", ""parsley flakes"", ""pepper"")",544,22,7.8,107.8,747.1,59.1,4.2,8.2,30.4,4,NA,"c(""Cook egg noodles in boiling water till chewy."", ""Cook chicken in olive oil, and  Lawry salt till chicken is not pink in middle, then drain oil."", ""Combine cream of chicken soup, egg noodles, and chicken till boiling."", ""Reduce heat, and add  Velveeta cheese, corn, and pepper."", ""Cook until all of Velveeta is melted."", ""Remove from heat and sprinkle with parsley flakes."")"
